Region,ZS,AS,epiweek,disease,nb_cases,nb_deaths,info_date,info_source,comment
KATANGA,BUKAMA,_NA,2016-01,PALUDISME,1356,1,,,
KATANGA,BUKAMA,_NA,2016-02,PALUDISME,1599,1,,,
KATANGA,BUKAMA,_NA,2016-03,PALUDISME,1672,1,,,
KATANGA,BUKAMA,_NA,2016-04,PALUDISME,1510,1,,,
KATANGA,BUKAMA,_NA,2016-05,PALUDISME,1447,1,,,
KATANGA,BUKAMA,_NA,2016-06,PALUDISME,1462,1,,,
KATANGA,BUKAMA,_NA,2016-07,PALUDISME,2242,1,,,
KATANGA,BUKAMA,_NA,2016-08,PALUDISME,2243,1,,,
KATANGA,BUKAMA,_NA,2016-09,PALUDISME,1913,1,,,
KATANGA,BUKAMA,_NA,2016-10,PALUDISME,1763,1,,,
KATANGA,BUKAMA,_NA,2016-11,PALUDISME,1765,1,,,
KATANGA,BUKAMA,_NA,2016-12,PALUDISME,1652,1,,,
KATANGA,BUKAMA,_NA,2016-13,PALUDISME,1438,1,,,
KATANGA,BUKAMA,_NA,2016-14,PALUDISME,1515,1,,,
KATANGA,BUKAMA,_NA,2016-15,PALUDISME,1460,1,,,
KATANGA,BUKAMA,_NA,2016-16,PALUDISME,1467,1,,,
KATANGA,KABONDO_DIANDA,_NA,2016-01,CHOLERA,15,1,,,
KATANGA,KABONDO_DIANDA,_NA,2016-02,CHOLERA,9,1,,,
KATANGA,KABONDO_DIANDA,_NA,2016-03,CHOLERA,10,1,,,
KATANGA,KABONDO_DIANDA,_NA,2016-04,CHOLERA,20,1,,,
KATANGA,KABONDO_DIANDA,_NA,2016-05,CHOLERA,42,1,,,
KATANGA,KABONDO_DIANDA,_NA,2016-06,CHOLERA,87,1,,,
KATANGA,KABONDO_DIANDA,_NA,2016-07,CHOLERA,75,1,,,
KATANGA,KABONDO_DIANDA,_NA,2016-08,CHOLERA,37,1,,,
KATANGA,KABONDO_DIANDA,_NA,2016-09,CHOLERA,42,1,,,
KATANGA,KABONDO_DIANDA,_NA,2016-10,CHOLERA,47,1,,,
KATANGA,KABONDO_DIANDA,_NA,2016-12,CHOLERA,52,1,,,
KATANGA,KABONDO_DIANDA,_NA,2016-13,CHOLERA,52,1,,,
KATANGA,KAPANGA,_NA,2016-17,PALUDISME,224,1,,,
KATANGA,KAPANGA,_NA,2016-17,ROUGEOLE,1,1,,,
KATANGA,KAPANGA,_NA,2016-17,CHOLERA,0,1,,,
KATANGA,MALEMBA_NKULU,_NA,2016-17,CHOLERA,2,1,,,
KATANGA,MALEMBA_NKULU,_NA,2016-17,PALUDISME,1201,1,,,
KATANGA,MALEMBA_NKULU,_NA,2016-17,ROUGEOLE,0,1,,,
KATANGA,MALEMBA_NKULU,_NA,2016-16,CHOLERA,5,1,,,
KATANGA,MALEMBA_NKULU,_NA,2016-16,PALUDISME,1202,1,,,
KATANGA,MALEMBA_NKULU,_NA,2016-16,ROUGEOLE,0,1,,,
KATANGA,BUNKEYA,_NA,2016-17,ROUGEOLE,1,1,,,
KATANGA,BUNKEYA,_NA,2016-17,PALUDISME,244,1,,,
KATANGA,BUKAMA,_NA,2016-17,PALUDISME,1449,1,,,
KATANGA,BUKAMA,_NA,2016-17,CHOLERA,4,1,,,
KATANGA,BUKAMA,_NA,2016-17,ROUGEOLE,1,1,,,
KATANGA,LUKAFU,_NA,2016-17,CHOLERA,8,1,,,
KATANGA,KILWA,_NA,2016-01,PALUDISME,1401,1,,,
KATANGA,KILWA,_NA,2016-02,PALUDISME,1211,1,,,
KATANGA,KILWA,_NA,2016-03,PALUDISME,1283,1,,,
KATANGA,KILWA,_NA,2016-04,PALUDISME,1512,1,,,
KATANGA,KILWA,_NA,2016-05,PALUDISME,1413,1,,,
KATANGA,KILWA,_NA,2016-06,PALUDISME,1435,1,,,
KATANGA,KILWA,_NA,2016-07,PALUDISME,1461,1,,,
KATANGA,KILWA,_NA,2016-08,PALUDISME,1451,1,,,
KATANGA,KILWA,_NA,2016-09,PALUDISME,1203,1,,,
KATANGA,KILWA,_NA,2016-10,PALUDISME,1176,1,,,
KATANGA,KILWA,_NA,2016-11,PALUDISME,1469,1,,,
KATANGA,KILWA,_NA,2016-12,PALUDISME,1663,1,,,
KATANGA,KILWA,_NA,2016-13,PALUDISME,1620,1,,,
KATANGA,KILWA,_NA,2016-14,PALUDISME,1584,1,,,
KATANGA,KILWA,_NA,2016-15,PALUDISME,1463,1,,,
KATANGA,KILWA,_NA,2016-16,PALUDISME,1515,1,,,
KATANGA,KABONDO_DIANDA,_NA,2016-16,PALUDISME,1053,1,,,
KATANGA,KABONDO_DIANDA,_NA,2016-17,PALUDISME,1060,1,,,
KATANGA,KABONDO_DIANDA,_NA,2016-17,CHOLERA,19,1,,,
KATANGA,KABONDO_DIANDA,_NA,2016-16,CHOLERA,22,1,,,
KATANGA,PWETO,_NA,2016-17,PALUDISME,447,1,,,
KATANGA,PWETO,_NA,2016-16,PALUDISME,549,1,,,
KATANGA,PWETO,_NA,2016-01,PALUDISME,457,1,,,
KATANGA,PWETO,_NA,2016-02,PALUDISME,554,1,,,
KATANGA,PWETO,_NA,2016-03,PALUDISME,654,1,,,
KATANGA,PWETO,_NA,2016-04,PALUDISME,575,1,,,
KATANGA,PWETO,_NA,2016-05,PALUDISME,439,1,,,
KATANGA,PWETO,_NA,2016-06,PALUDISME,480,1,,,
KATANGA,PWETO,_NA,2016-07,PALUDISME,520,1,,,
KATANGA,PWETO,_NA,2016-08,PALUDISME,623,1,,,
KATANGA,PWETO,_NA,2016-09,PALUDISME,549,1,,,
KATANGA,PWETO,_NA,2016-10,PALUDISME,503,1,,,
KATANGA,PWETO,_NA,2016-11,PALUDISME,658,1,,,
KATANGA,PWETO,_NA,2016-12,PALUDISME,584,1,,,
KATANGA,PWETO,_NA,2016-13,PALUDISME,499,1,,,
KATANGA,PWETO,_NA,2016-14,PALUDISME,390,1,,,
KATANGA,PWETO,_NA,2016-15,PALUDISME,681,1,,,
KATANGA,PWETO,_NA,2016-17,CHOLERA,0,1,,,
KATANGA,PWETO,_NA,2016-16,CHOLERA,0,1,,,
KATANGA,PWETO,_NA,2016-01,CHOLERA,0,1,,,
KATANGA,PWETO,_NA,2016-02,CHOLERA,0,1,,,
KATANGA,PWETO,_NA,2016-03,CHOLERA,0,1,,,
KATANGA,PWETO,_NA,2016-04,CHOLERA,0,1,,,
KATANGA,PWETO,_NA,2016-05,CHOLERA,0,1,,,
KATANGA,PWETO,_NA,2016-06,CHOLERA,0,1,,,
KATANGA,PWETO,_NA,2016-07,CHOLERA,0,1,,,
KATANGA,PWETO,_NA,2016-08,CHOLERA,0,1,,,
KATANGA,PWETO,_NA,2016-09,CHOLERA,0,1,,,
KATANGA,PWETO,_NA,2016-10,CHOLERA,0,1,,,
KATANGA,PWETO,_NA,2016-11,CHOLERA,0,1,,,
KATANGA,PWETO,_NA,2016-12,CHOLERA,0,1,,,
KATANGA,PWETO,_NA,2016-13,CHOLERA,0,1,,,
KATANGA,PWETO,_NA,2016-14,CHOLERA,0,1,,,
KATANGA,PWETO,_NA,2016-15,CHOLERA,0,1,,,
KATANGA,PWETO,_NA,2016-17,ROUGEOLE,0,1,,,
KATANGA,PWETO,_NA,2016-16,ROUGEOLE,0,1,,,
KATANGA,PWETO,_NA,2016-01,ROUGEOLE,0,1,,,
KATANGA,PWETO,_NA,2016-02,ROUGEOLE,0,1,,,
KATANGA,PWETO,_NA,2016-03,ROUGEOLE,0,1,,,
KATANGA,PWETO,_NA,2016-04,ROUGEOLE,0,1,,,
KATANGA,PWETO,_NA,2016-05,ROUGEOLE,0,1,,,
KATANGA,PWETO,_NA,2016-06,ROUGEOLE,0,1,,,
KATANGA,PWETO,_NA,2016-07,ROUGEOLE,0,1,,,
KATANGA,PWETO,_NA,2016-08,ROUGEOLE,0,1,,,
KATANGA,PWETO,_NA,2016-09,ROUGEOLE,0,1,,,
KATANGA,PWETO,_NA,2016-10,ROUGEOLE,0,1,,,
KATANGA,PWETO,_NA,2016-11,ROUGEOLE,0,1,,,
KATANGA,PWETO,_NA,2016-12,ROUGEOLE,0,1,,,
KATANGA,PWETO,_NA,2016-13,ROUGEOLE,0,1,,,
KATANGA,PWETO,_NA,2016-14,ROUGEOLE,0,1,,,
KATANGA,PWETO,_NA,2016-15,ROUGEOLE,0,1,,,
KATANGA,KAPOLOWE,_NA,2016-01,PALUDISME,360,1,,,
KATANGA,KAPOLOWE,_NA,2016-02,PALUDISME,439,1,,,
KATANGA,KAPOLOWE,_NA,2016-03,PALUDISME,256,1,,,
KATANGA,KAPOLOWE,_NA,2016-04,PALUDISME,262,1,,,
KATANGA,KAPOLOWE,_NA,2016-05,PALUDISME,254,1,,,
KATANGA,KAPOLOWE,_NA,2016-06,PALUDISME,142,1,,,
KATANGA,KAPOLOWE,_NA,2016-07,PALUDISME,134,1,,,
KATANGA,KAPOLOWE,_NA,2016-08,PALUDISME,245,1,,,
KATANGA,KAPOLOWE,_NA,2016-09,PALUDISME,330,1,,,
KATANGA,KAPOLOWE,_NA,2016-10,PALUDISME,372,1,,,
KATANGA,KAPOLOWE,_NA,2016-11,PALUDISME,314,1,,,
KATANGA,KAPOLOWE,_NA,2016-12,PALUDISME,182,1,,,
KATANGA,KAPOLOWE,_NA,2016-13,PALUDISME,176,1,,,
KATANGA,KAPOLOWE,_NA,2016-14,PALUDISME,195,1,,,
KATANGA,KAPOLOWE,_NA,2016-15,PALUDISME,253,1,,,
KATANGA,KAPOLOWE,_NA,2016-01,ROUGEOLE,0,1,,,
KATANGA,KAPOLOWE,_NA,2016-02,ROUGEOLE,3,1,,,
KATANGA,KAPOLOWE,_NA,2016-03,ROUGEOLE,0,1,,,
KATANGA,KAPOLOWE,_NA,2016-04,ROUGEOLE,0,1,,,
KATANGA,KAPOLOWE,_NA,2016-05,ROUGEOLE,0,1,,,
KATANGA,KAPOLOWE,_NA,2016-06,ROUGEOLE,0,1,,,
KATANGA,KAPOLOWE,_NA,2016-07,ROUGEOLE,0,1,,,
KATANGA,KAPOLOWE,_NA,2016-08,ROUGEOLE,0,1,,,
KATANGA,KAPOLOWE,_NA,2016-09,ROUGEOLE,0,1,,,
KATANGA,KAPOLOWE,_NA,2016-10,ROUGEOLE,0,1,,,
KATANGA,KAPOLOWE,_NA,2016-11,ROUGEOLE,0,1,,,
KATANGA,KAPOLOWE,_NA,2016-12,ROUGEOLE,0,1,,,
KATANGA,KAPOLOWE,_NA,2016-13,ROUGEOLE,0,1,,,
KATANGA,KAPOLOWE,_NA,2016-14,ROUGEOLE,0,1,,,
KATANGA,KAPOLOWE,_NA,2016-15,ROUGEOLE,0,1,,,
KATANGA,KAPOLOWE,_NA,2016-01,CHOLERA,0,1,,,
KATANGA,KAPOLOWE,_NA,2016-02,CHOLERA,0,1,,,
KATANGA,KAPOLOWE,_NA,2016-03,CHOLERA,1,1,,,
KATANGA,KAPOLOWE,_NA,2016-04,CHOLERA,0,1,,,
KATANGA,KAPOLOWE,_NA,2016-05,CHOLERA,0,1,,,
KATANGA,KAPOLOWE,_NA,2016-06,CHOLERA,0,1,,,
KATANGA,KAPOLOWE,_NA,2016-07,CHOLERA,1,1,,,
KATANGA,KAPOLOWE,_NA,2016-08,CHOLERA,0,1,,,
KATANGA,KAPOLOWE,_NA,2016-09,CHOLERA,0,1,,,
KATANGA,KAPOLOWE,_NA,2016-10,CHOLERA,0,1,,,
KATANGA,KAPOLOWE,_NA,2016-11,CHOLERA,0,1,,,
KATANGA,KAPOLOWE,_NA,2016-12,CHOLERA,0,1,,,
KATANGA,KAPOLOWE,_NA,2016-13,CHOLERA,0,1,,,
KATANGA,KAPOLOWE,_NA,2016-14,CHOLERA,0,1,,,
KATANGA,KAPOLOWE,_NA,2016-15,CHOLERA,0,1,,,
KATANGA,KILELA_BALANDA,_NA,2016-01,CHOLERA,0,1,,,
KATANGA,KILELA_BALANDA,_NA,2016-02,CHOLERA,0,1,,,
KATANGA,KILELA_BALANDA,_NA,2016-03,CHOLERA,2,1,,,
KATANGA,KILELA_BALANDA,_NA,2016-04,CHOLERA,0,1,,,
KATANGA,KILELA_BALANDA,_NA,2016-05,CHOLERA,0,1,,,
KATANGA,KILELA_BALANDA,_NA,2016-06,CHOLERA,0,1,,,
KATANGA,KILELA_BALANDA,_NA,2016-07,CHOLERA,0,1,,,
KATANGA,KILELA_BALANDA,_NA,2016-08,CHOLERA,0,1,,,
KATANGA,KILELA_BALANDA,_NA,2016-09,CHOLERA,0,1,,,
KATANGA,KILELA_BALANDA,_NA,2016-10,CHOLERA,0,1,,,
KATANGA,KILELA_BALANDA,_NA,2016-11,CHOLERA,0,1,,,
KATANGA,KILELA_BALANDA,_NA,2016-12,CHOLERA,0,1,,,
KATANGA,KILELA_BALANDA,_NA,2016-13,CHOLERA,0,1,,,
KATANGA,KILELA_BALANDA,_NA,2016-14,CHOLERA,0,1,,,
KATANGA,KILELA_BALANDA,_NA,2016-15,CHOLERA,0,1,,,
KATANGA,KILELA_BALANDA,_NA,2016-01,PALUDISME,69,1,,,
KATANGA,KILELA_BALANDA,_NA,2016-02,PALUDISME,99,1,,,
KATANGA,KILELA_BALANDA,_NA,2016-03,PALUDISME,44,1,,,
KATANGA,KILELA_BALANDA,_NA,2016-04,PALUDISME,86,1,,,
KATANGA,KILELA_BALANDA,_NA,2016-05,PALUDISME,56,1,,,
KATANGA,KILELA_BALANDA,_NA,2016-06,PALUDISME,71,1,,,
KATANGA,KILELA_BALANDA,_NA,2016-07,PALUDISME,99,1,,,
KATANGA,KILELA_BALANDA,_NA,2016-08,PALUDISME,102,1,,,
KATANGA,KILELA_BALANDA,_NA,2016-09,PALUDISME,84,1,,,
KATANGA,KILELA_BALANDA,_NA,2016-10,PALUDISME,86,1,,,
KATANGA,KILELA_BALANDA,_NA,2016-11,PALUDISME,83,1,,,
KATANGA,KILELA_BALANDA,_NA,2016-12,PALUDISME,131,1,,,
KATANGA,KILELA_BALANDA,_NA,2016-13,PALUDISME,59,1,,,
KATANGA,KILELA_BALANDA,_NA,2016-14,PALUDISME,52,1,,,
KATANGA,KILELA_BALANDA,_NA,2016-15,PALUDISME,64,1,,,
KATANGA,KILELA_BALANDA,_NA,2016-01,ROUGEOLE,0,1,,,
KATANGA,KILELA_BALANDA,_NA,2016-02,ROUGEOLE,0,1,,,
KATANGA,KILELA_BALANDA,_NA,2016-03,ROUGEOLE,0,1,,,
KATANGA,KILELA_BALANDA,_NA,2016-04,ROUGEOLE,0,1,,,
KATANGA,KILELA_BALANDA,_NA,2016-05,ROUGEOLE,0,1,,,
KATANGA,KILELA_BALANDA,_NA,2016-06,ROUGEOLE,0,1,,,
KATANGA,KILELA_BALANDA,_NA,2016-07,ROUGEOLE,0,1,,,
KATANGA,KILELA_BALANDA,_NA,2016-08,ROUGEOLE,0,1,,,
KATANGA,KILELA_BALANDA,_NA,2016-09,ROUGEOLE,0,1,,,
KATANGA,KILELA_BALANDA,_NA,2016-10,ROUGEOLE,0,1,,,
KATANGA,KILELA_BALANDA,_NA,2016-11,ROUGEOLE,0,1,,,
KATANGA,KILELA_BALANDA,_NA,2016-12,ROUGEOLE,0,1,,,
KATANGA,KILELA_BALANDA,_NA,2016-13,ROUGEOLE,1,1,,,
KATANGA,KILELA_BALANDA,_NA,2016-14,ROUGEOLE,1,1,,,
KATANGA,KILELA_BALANDA,_NA,2016-15,ROUGEOLE,0,1,,,
KATANGA,LUBUMBASHI,_NA,2016-01,ROUGEOLE,0,1,,,
KATANGA,LUBUMBASHI,_NA,2016-02,ROUGEOLE,2,1,,,
KATANGA,LUBUMBASHI,_NA,2016-03,ROUGEOLE,1,1,,,
KATANGA,LUBUMBASHI,_NA,2016-04,ROUGEOLE,7,1,,,
KATANGA,LUBUMBASHI,_NA,2016-05,ROUGEOLE,0,1,,,
KATANGA,LUBUMBASHI,_NA,2016-06,ROUGEOLE,0,1,,,
KATANGA,LUBUMBASHI,_NA,2016-07,ROUGEOLE,0,1,,,
KATANGA,LUBUMBASHI,_NA,2016-08,ROUGEOLE,0,1,,,
KATANGA,LUBUMBASHI,_NA,2016-09,ROUGEOLE,2,1,,,
KATANGA,LUBUMBASHI,_NA,2016-10,ROUGEOLE,1,1,,,
KATANGA,LUBUMBASHI,_NA,2016-11,ROUGEOLE,0,1,,,
KATANGA,LUBUMBASHI,_NA,2016-12,ROUGEOLE,2,1,,,
KATANGA,LUBUMBASHI,_NA,2016-13,ROUGEOLE,0,1,,,
KATANGA,LUBUMBASHI,_NA,2016-14,ROUGEOLE,0,1,,,
KATANGA,LUBUMBASHI,_NA,2016-15,ROUGEOLE,0,1,,,
KATANGA,LUBUMBASHI,_NA,2016-01,PALUDISME,3114,1,,,
KATANGA,LUBUMBASHI,_NA,2016-02,PALUDISME,3286,1,,,
KATANGA,LUBUMBASHI,_NA,2016-03,PALUDISME,3312,1,,,
KATANGA,LUBUMBASHI,_NA,2016-04,PALUDISME,3799,1,,,
KATANGA,LUBUMBASHI,_NA,2016-05,PALUDISME,3952,1,,,
KATANGA,LUBUMBASHI,_NA,2016-06,PALUDISME,3716,1,,,
KATANGA,LUBUMBASHI,_NA,2016-07,PALUDISME,3888,1,,,
KATANGA,LUBUMBASHI,_NA,2016-08,PALUDISME,3251,1,,,
KATANGA,LUBUMBASHI,_NA,2016-09,PALUDISME,2601,1,,,
KATANGA,LUBUMBASHI,_NA,2016-10,PALUDISME,3134,1,,,
KATANGA,LUBUMBASHI,_NA,2016-11,PALUDISME,3183,1,,,
KATANGA,LUBUMBASHI,_NA,2016-12,PALUDISME,3186,1,,,
KATANGA,LUBUMBASHI,_NA,2016-13,PALUDISME,2739,1,,,
KATANGA,LUBUMBASHI,_NA,2016-14,PALUDISME,3080,1,,,
KATANGA,LUBUMBASHI,_NA,2016-15,PALUDISME,3010,1,,,
KATANGA,LUBUMBASHI,_NA,2016-01,CHOLERA,0,1,,,
KATANGA,LUBUMBASHI,_NA,2016-02,CHOLERA,0,1,,,
KATANGA,LUBUMBASHI,_NA,2016-03,CHOLERA,0,1,,,
KATANGA,LUBUMBASHI,_NA,2016-04,CHOLERA,0,1,,,
KATANGA,LUBUMBASHI,_NA,2016-05,CHOLERA,1,1,,,
KATANGA,LUBUMBASHI,_NA,2016-06,CHOLERA,1,1,,,
KATANGA,LUBUMBASHI,_NA,2016-07,CHOLERA,2,1,,,
KATANGA,LUBUMBASHI,_NA,2016-08,CHOLERA,0,1,,,
KATANGA,LUBUMBASHI,_NA,2016-09,CHOLERA,0,1,,,
KATANGA,LUBUMBASHI,_NA,2016-10,CHOLERA,3,1,,,
KATANGA,LUBUMBASHI,_NA,2016-11,CHOLERA,1,1,,,
KATANGA,LUBUMBASHI,_NA,2016-12,CHOLERA,0,1,,,
KATANGA,LUBUMBASHI,_NA,2016-13,CHOLERA,4,1,,,
KATANGA,LUBUMBASHI,_NA,2016-14,CHOLERA,6,1,,,
KATANGA,LUBUMBASHI,_NA,2016-15,CHOLERA,5,1,,,
KATANGA,KAFUBU,_NA,2016-01,CHOLERA,0,1,,,
KATANGA,KAFUBU,_NA,2016-02,CHOLERA,0,1,,,
KATANGA,KAFUBU,_NA,2016-03,CHOLERA,0,1,,,
KATANGA,KAFUBU,_NA,2016-04,CHOLERA,0,1,,,
KATANGA,KAFUBU,_NA,2016-05,CHOLERA,0,1,,,
KATANGA,KAFUBU,_NA,2016-06,CHOLERA,0,1,,,
KATANGA,KAFUBU,_NA,2016-07,CHOLERA,0,1,,,
KATANGA,KAFUBU,_NA,2016-08,CHOLERA,1,1,,,
KATANGA,KAFUBU,_NA,2016-09,CHOLERA,0,1,,,
KATANGA,KAFUBU,_NA,2016-10,CHOLERA,0,1,,,
KATANGA,KAFUBU,_NA,2016-11,CHOLERA,0,1,,,
KATANGA,KAFUBU,_NA,2016-12,CHOLERA,0,1,,,
KATANGA,KAFUBU,_NA,2016-13,CHOLERA,0,1,,,
KATANGA,KAFUBU,_NA,2016-14,CHOLERA,0,1,,,
KATANGA,KAFUBU,_NA,2016-15,CHOLERA,0,1,,,
KATANGA,KAFUBU,_NA,2016-01,PALUDISME,331,1,,,
KATANGA,KAFUBU,_NA,2016-02,PALUDISME,364,1,,,
KATANGA,KAFUBU,_NA,2016-03,PALUDISME,342,1,,,
KATANGA,KAFUBU,_NA,2016-04,PALUDISME,304,1,,,
KATANGA,KAFUBU,_NA,2016-05,PALUDISME,303,1,,,
KATANGA,KAFUBU,_NA,2016-06,PALUDISME,153,1,,,
KATANGA,KAFUBU,_NA,2016-07,PALUDISME,280,1,,,
KATANGA,KAFUBU,_NA,2016-08,PALUDISME,240,1,,,
KATANGA,KAFUBU,_NA,2016-09,PALUDISME,256,1,,,
KATANGA,KAFUBU,_NA,2016-10,PALUDISME,215,1,,,
KATANGA,KAFUBU,_NA,2016-11,PALUDISME,187,1,,,
KATANGA,KAFUBU,_NA,2016-12,PALUDISME,280,1,,,
KATANGA,KAFUBU,_NA,2016-13,PALUDISME,89,1,,,
KATANGA,KAFUBU,_NA,2016-14,PALUDISME,101,1,,,
KATANGA,KAFUBU,_NA,2016-15,PALUDISME,152,1,,,
KATANGA,KAFUBU,_NA,2016-15,ROUGEOLE,0,1,,,
KATANGA,KAFUBU,_NA,2016-01,ROUGEOLE,0,1,,,
KATANGA,KAFUBU,_NA,2016-02,ROUGEOLE,0,1,,,
KATANGA,KAFUBU,_NA,2016-03,ROUGEOLE,0,1,,,
KATANGA,KAFUBU,_NA,2016-04,ROUGEOLE,0,1,,,
KATANGA,KAFUBU,_NA,2016-05,ROUGEOLE,0,1,,,
KATANGA,KAFUBU,_NA,2016-06,ROUGEOLE,0,1,,,
KATANGA,KAFUBU,_NA,2016-07,ROUGEOLE,0,1,,,
KATANGA,KAFUBU,_NA,2016-08,ROUGEOLE,0,1,,,
KATANGA,KAFUBU,_NA,2016-09,ROUGEOLE,0,1,,,
KATANGA,KAFUBU,_NA,2016-10,ROUGEOLE,0,1,,,
KATANGA,KAFUBU,_NA,2016-11,ROUGEOLE,0,1,,,
KATANGA,KAFUBU,_NA,2016-12,ROUGEOLE,0,1,,,
KATANGA,KAFUBU,_NA,2016-13,ROUGEOLE,0,1,,,
KATANGA,KAFUBU,_NA,2016-14,ROUGEOLE,0,1,,,
KATANGA,KAFUBU,_NA,2016-15,ROUGEOLE,0,1,,,
KATANGA,KAMBOVE,_NA,2016-01,PALUDISME,720,1,,,
KATANGA,KAMBOVE,_NA,2016-02,PALUDISME,644,1,,,
KATANGA,KAMBOVE,_NA,2016-03,PALUDISME,586,1,,,
KATANGA,KAMBOVE,_NA,2016-04,PALUDISME,644,1,,,
KATANGA,KAMBOVE,_NA,2016-05,PALUDISME,598,1,,,
KATANGA,KAMBOVE,_NA,2016-06,PALUDISME,597,1,,,
KATANGA,KAMBOVE,_NA,2016-07,PALUDISME,358,1,,,
KATANGA,KAMBOVE,_NA,2016-08,PALUDISME,288,1,,,
KATANGA,KAMBOVE,_NA,2016-09,PALUDISME,330,1,,,
KATANGA,KAMBOVE,_NA,2016-10,PALUDISME,493,1,,,
KATANGA,KAMBOVE,_NA,2016-11,PALUDISME,689,1,,,
KATANGA,KAMBOVE,_NA,2016-12,PALUDISME,617,1,,,
KATANGA,KAMBOVE,_NA,2016-13,PALUDISME,604,1,,,
KATANGA,KAMBOVE,_NA,2016-14,PALUDISME,600,1,,,
KATANGA,KAMBOVE,_NA,2016-15,PALUDISME,328,1,,,
KATANGA,KAMBOVE,_NA,2016-01,ROUGEOLE,1,1,,,
KATANGA,KAMBOVE,_NA,2016-02,ROUGEOLE,0,1,,,
KATANGA,KAMBOVE,_NA,2016-03,ROUGEOLE,0,1,,,
KATANGA,KAMBOVE,_NA,2016-04,ROUGEOLE,0,1,,,
KATANGA,KAMBOVE,_NA,2016-05,ROUGEOLE,0,1,,,
KATANGA,KAMBOVE,_NA,2016-06,ROUGEOLE,0,1,,,
KATANGA,KAMBOVE,_NA,2016-07,ROUGEOLE,0,1,,,
KATANGA,KAMBOVE,_NA,2016-08,ROUGEOLE,0,1,,,
KATANGA,KAMBOVE,_NA,2016-09,ROUGEOLE,0,1,,,
KATANGA,KAMBOVE,_NA,2016-10,ROUGEOLE,0,1,,,
KATANGA,KAMBOVE,_NA,2016-11,ROUGEOLE,0,1,,,
KATANGA,KAMBOVE,_NA,2016-12,ROUGEOLE,0,1,,,
KATANGA,KAMBOVE,_NA,2016-13,ROUGEOLE,0,1,,,
KATANGA,KAMBOVE,_NA,2016-14,ROUGEOLE,0,1,,,
KATANGA,KAMBOVE,_NA,2016-15,ROUGEOLE,0,1,,,
KATANGA,KAMBOVE,_NA,2016-01,CHOLERA,0,1,,,
KATANGA,KAMBOVE,_NA,2016-02,CHOLERA,0,1,,,
KATANGA,KAMBOVE,_NA,2016-03,CHOLERA,0,1,,,
KATANGA,KAMBOVE,_NA,2016-04,CHOLERA,0,1,,,
KATANGA,KAMBOVE,_NA,2016-05,CHOLERA,0,1,,,
KATANGA,KAMBOVE,_NA,2016-06,CHOLERA,0,1,,,
KATANGA,KAMBOVE,_NA,2016-07,CHOLERA,0,1,,,
KATANGA,KAMBOVE,_NA,2016-08,CHOLERA,0,1,,,
KATANGA,KAMBOVE,_NA,2016-09,CHOLERA,0,1,,,
KATANGA,KAMBOVE,_NA,2016-10,CHOLERA,1,1,,,
KATANGA,KAMBOVE,_NA,2016-11,CHOLERA,1,1,,,
KATANGA,KAMBOVE,_NA,2016-12,CHOLERA,14,1,,,
KATANGA,KAMBOVE,_NA,2016-13,CHOLERA,11,1,,,
KATANGA,KAMBOVE,_NA,2016-14,CHOLERA,6,1,,,
KATANGA,KAMBOVE,_NA,2016-15,CHOLERA,1,1,,,
KATANGA,LIKASI,_NA,2016-01,CHOLERA,12,1,,,
KATANGA,LIKASI,_NA,2016-02,CHOLERA,8,1,,,
KATANGA,LIKASI,_NA,2016-03,CHOLERA,15,1,,,
KATANGA,LIKASI,_NA,2016-04,CHOLERA,15,1,,,
KATANGA,LIKASI,_NA,2016-05,CHOLERA,10,1,,,
KATANGA,LIKASI,_NA,2016-06,CHOLERA,3,1,,,
KATANGA,LIKASI,_NA,2016-07,CHOLERA,3,1,,,
KATANGA,LIKASI,_NA,2016-08,CHOLERA,1,1,,,
KATANGA,LIKASI,_NA,2016-09,CHOLERA,2,1,,,
KATANGA,LIKASI,_NA,2016-10,CHOLERA,0,1,,,
KATANGA,LIKASI,_NA,2016-11,CHOLERA,2,1,,,
KATANGA,LIKASI,_NA,2016-12,CHOLERA,2,1,,,
KATANGA,LIKASI,_NA,2016-13,CHOLERA,0,1,,,
KATANGA,LIKASI,_NA,2016-14,CHOLERA,0,1,,,
KATANGA,LIKASI,_NA,2016-15,CHOLERA,0,1,,,
KATANGA,LIKASI,_NA,2016-01,PALUDISME,407,1,,,
KATANGA,LIKASI,_NA,2016-02,PALUDISME,575,1,,,
KATANGA,LIKASI,_NA,2016-03,PALUDISME,449,1,,,
KATANGA,LIKASI,_NA,2016-04,PALUDISME,550,1,,,
KATANGA,LIKASI,_NA,2016-05,PALUDISME,512,1,,,
KATANGA,LIKASI,_NA,2016-06,PALUDISME,359,1,,,
KATANGA,LIKASI,_NA,2016-07,PALUDISME,389,1,,,
KATANGA,LIKASI,_NA,2016-08,PALUDISME,675,1,,,
KATANGA,LIKASI,_NA,2016-09,PALUDISME,878,1,,,
KATANGA,LIKASI,_NA,2016-10,PALUDISME,581,1,,,
KATANGA,LIKASI,_NA,2016-11,PALUDISME,586,1,,,
KATANGA,LIKASI,_NA,2016-12,PALUDISME,484,1,,,
KATANGA,LIKASI,_NA,2016-13,PALUDISME,447,1,,,
KATANGA,LIKASI,_NA,2016-14,PALUDISME,599,1,,,
KATANGA,LIKASI,_NA,2016-15,PALUDISME,610,1,,,
KATANGA,LIKASI,_NA,2016-01,ROUGEOLE,0,1,,,
KATANGA,LIKASI,_NA,2016-02,ROUGEOLE,0,1,,,
KATANGA,LIKASI,_NA,2016-03,ROUGEOLE,0,1,,,
KATANGA,LIKASI,_NA,2016-04,ROUGEOLE,0,1,,,
KATANGA,LIKASI,_NA,2016-05,ROUGEOLE,0,1,,,
KATANGA,LIKASI,_NA,2016-06,ROUGEOLE,0,1,,,
KATANGA,LIKASI,_NA,2016-07,ROUGEOLE,0,1,,,
KATANGA,LIKASI,_NA,2016-08,ROUGEOLE,0,1,,,
KATANGA,LIKASI,_NA,2016-09,ROUGEOLE,0,1,,,
KATANGA,LIKASI,_NA,2016-10,ROUGEOLE,0,1,,,
KATANGA,LIKASI,_NA,2016-11,ROUGEOLE,0,1,,,
KATANGA,LIKASI,_NA,2016-12,ROUGEOLE,0,1,,,
KATANGA,LIKASI,_NA,2016-13,ROUGEOLE,0,1,,,
KATANGA,LIKASI,_NA,2016-14,ROUGEOLE,0,1,,,
KATANGA,LIKASI,_NA,2016-15,ROUGEOLE,0,1,,,
KATANGA,LUKAFU,_NA,2016-01,PALUDISME,498,1,,,
KATANGA,LUKAFU,_NA,2016-02,PALUDISME,228,1,,,
KATANGA,LUKAFU,_NA,2016-03,PALUDISME,473,1,,,
KATANGA,LUKAFU,_NA,2016-04,PALUDISME,389,1,,,
KATANGA,LUKAFU,_NA,2016-05,PALUDISME,473,1,,,
KATANGA,LUKAFU,_NA,2016-06,PALUDISME,513,1,,,
KATANGA,LUKAFU,_NA,2016-07,PALUDISME,411,1,,,
KATANGA,LUKAFU,_NA,2016-08,PALUDISME,479,1,,,
KATANGA,LUKAFU,_NA,2016-09,PALUDISME,511,1,,,
KATANGA,LUKAFU,_NA,2016-10,PALUDISME,581,1,,,
KATANGA,LUKAFU,_NA,2016-11,PALUDISME,495,1,,,
KATANGA,LUKAFU,_NA,2016-12,PALUDISME,544,1,,,
KATANGA,LUKAFU,_NA,2016-13,PALUDISME,519,1,,,
KATANGA,LUKAFU,_NA,2016-14,PALUDISME,459,1,,,
KATANGA,LUKAFU,_NA,2016-15,PALUDISME,0,1,,,
KATANGA,LUKAFU,_NA,2016-01,CHOLERA,0,1,,,
KATANGA,LUKAFU,_NA,2016-02,CHOLERA,0,1,,,
KATANGA,LUKAFU,_NA,2016-03,CHOLERA,0,1,,,
KATANGA,LUKAFU,_NA,2016-04,CHOLERA,0,1,,,
KATANGA,LUKAFU,_NA,2016-05,CHOLERA,0,1,,,
KATANGA,LUKAFU,_NA,2016-06,CHOLERA,0,1,,,
KATANGA,LUKAFU,_NA,2016-07,CHOLERA,0,1,,,
KATANGA,LUKAFU,_NA,2016-08,CHOLERA,0,1,,,
KATANGA,LUKAFU,_NA,2016-09,CHOLERA,0,1,,,
KATANGA,LUKAFU,_NA,2016-10,CHOLERA,0,1,,,
KATANGA,LUKAFU,_NA,2016-11,CHOLERA,0,1,,,
KATANGA,LUKAFU,_NA,2016-12,CHOLERA,0,1,,,
KATANGA,LUKAFU,_NA,2016-13,CHOLERA,0,1,,,
KATANGA,LUKAFU,_NA,2016-14,CHOLERA,0,1,,,
KATANGA,LUKAFU,_NA,2016-15,CHOLERA,0,1,,,
KATANGA,LUKAFU,_NA,2016-01,ROUGEOLE,0,1,,,
KATANGA,LUKAFU,_NA,2016-02,ROUGEOLE,0,1,,,
KATANGA,LUKAFU,_NA,2016-03,ROUGEOLE,0,1,,,
KATANGA,LUKAFU,_NA,2016-04,ROUGEOLE,0,1,,,
KATANGA,LUKAFU,_NA,2016-05,ROUGEOLE,0,1,,,
KATANGA,LUKAFU,_NA,2016-06,ROUGEOLE,0,1,,,
KATANGA,LUKAFU,_NA,2016-07,ROUGEOLE,0,1,,,
KATANGA,LUKAFU,_NA,2016-08,ROUGEOLE,0,1,,,
KATANGA,LUKAFU,_NA,2016-09,ROUGEOLE,0,1,,,
KATANGA,LUKAFU,_NA,2016-10,ROUGEOLE,0,1,,,
KATANGA,LUKAFU,_NA,2016-11,ROUGEOLE,0,1,,,
KATANGA,LUKAFU,_NA,2016-12,ROUGEOLE,0,1,,,
KATANGA,LUKAFU,_NA,2016-13,ROUGEOLE,0,1,,,
KATANGA,LUKAFU,_NA,2016-14,ROUGEOLE,0,1,,,
KATANGA,LUKAFU,_NA,2016-15,ROUGEOLE,0,1,,,
KATANGA,KIPUSHI,_NA,2016-01,PALUDISME,501,1,,,
KATANGA,KIPUSHI,_NA,2016-02,PALUDISME,662,1,,,
KATANGA,KIPUSHI,_NA,2016-03,PALUDISME,655,1,,,
KATANGA,KIPUSHI,_NA,2016-04,PALUDISME,614,1,,,
KATANGA,KIPUSHI,_NA,2016-05,PALUDISME,951,1,,,
KATANGA,KIPUSHI,_NA,2016-06,PALUDISME,437,1,,,
KATANGA,KIPUSHI,_NA,2016-07,PALUDISME,514,1,,,
KATANGA,KIPUSHI,_NA,2016-08,PALUDISME,647,1,,,
KATANGA,KIPUSHI,_NA,2016-09,PALUDISME,797,1,,,
KATANGA,KIPUSHI,_NA,2016-10,PALUDISME,955,1,,,
KATANGA,KIPUSHI,_NA,2016-11,PALUDISME,677,1,,,
KATANGA,KIPUSHI,_NA,2016-12,PALUDISME,758,1,,,
KATANGA,KIPUSHI,_NA,2016-13,PALUDISME,697,1,,,
KATANGA,KIPUSHI,_NA,2016-14,PALUDISME,1023,1,,,
KATANGA,KIPUSHI,_NA,2016-15,PALUDISME,936,1,,,
KATANGA,KIPUSHI,_NA,2016-01,CHOLERA,0,1,,,
KATANGA,KIPUSHI,_NA,2016-02,CHOLERA,0,1,,,
KATANGA,KIPUSHI,_NA,2016-03,CHOLERA,0,1,,,
KATANGA,KIPUSHI,_NA,2016-04,CHOLERA,0,1,,,
KATANGA,KIPUSHI,_NA,2016-05,CHOLERA,0,1,,,
KATANGA,KIPUSHI,_NA,2016-06,CHOLERA,0,1,,,
KATANGA,KIPUSHI,_NA,2016-07,CHOLERA,0,1,,,
KATANGA,KIPUSHI,_NA,2016-08,CHOLERA,0,1,,,
KATANGA,KIPUSHI,_NA,2016-09,CHOLERA,0,1,,,
KATANGA,KIPUSHI,_NA,2016-10,CHOLERA,0,1,,,
KATANGA,KIPUSHI,_NA,2016-11,CHOLERA,0,1,,,
KATANGA,KIPUSHI,_NA,2016-12,CHOLERA,0,1,,,
KATANGA,KIPUSHI,_NA,2016-13,CHOLERA,0,1,,,
KATANGA,KIPUSHI,_NA,2016-14,CHOLERA,0,1,,,
KATANGA,KIPUSHI,_NA,2016-15,CHOLERA,0,1,,,
KATANGA,KIPUSHI,_NA,2016-01,ROUGEOLE,0,1,,,
KATANGA,KIPUSHI,_NA,2016-02,ROUGEOLE,0,1,,,
KATANGA,KIPUSHI,_NA,2016-03,ROUGEOLE,0,1,,,
KATANGA,KIPUSHI,_NA,2016-04,ROUGEOLE,0,1,,,
KATANGA,KIPUSHI,_NA,2016-05,ROUGEOLE,0,1,,,
KATANGA,KIPUSHI,_NA,2016-06,ROUGEOLE,0,1,,,
KATANGA,KIPUSHI,_NA,2016-07,ROUGEOLE,0,1,,,
KATANGA,KIPUSHI,_NA,2016-08,ROUGEOLE,0,1,,,
KATANGA,KIPUSHI,_NA,2016-09,ROUGEOLE,0,1,,,
KATANGA,KIPUSHI,_NA,2016-10,ROUGEOLE,0,1,,,
KATANGA,KIPUSHI,_NA,2016-11,ROUGEOLE,0,1,,,
KATANGA,KIPUSHI,_NA,2016-12,ROUGEOLE,0,1,,,
KATANGA,KIPUSHI,_NA,2016-13,ROUGEOLE,0,1,,,
KATANGA,KIPUSHI,_NA,2016-14,ROUGEOLE,0,1,,,
KATANGA,KIPUSHI,_NA,2016-15,ROUGEOLE,2,1,,,
KATANGA,TSHAMILEMBA,_NA,2016-01,ROUGEOLE,0,1,,,
KATANGA,TSHAMILEMBA,_NA,2016-02,ROUGEOLE,0,1,,,
KATANGA,TSHAMILEMBA,_NA,2016-03,ROUGEOLE,0,1,,,
KATANGA,TSHAMILEMBA,_NA,2016-04,ROUGEOLE,0,1,,,
KATANGA,TSHAMILEMBA,_NA,2016-05,ROUGEOLE,0,1,,,
KATANGA,TSHAMILEMBA,_NA,2016-06,ROUGEOLE,0,1,,,
KATANGA,TSHAMILEMBA,_NA,2016-07,ROUGEOLE,4,1,,,
KATANGA,TSHAMILEMBA,_NA,2016-08,ROUGEOLE,0,1,,,
KATANGA,TSHAMILEMBA,_NA,2016-09,ROUGEOLE,0,1,,,
KATANGA,TSHAMILEMBA,_NA,2016-10,ROUGEOLE,0,1,,,
KATANGA,TSHAMILEMBA,_NA,2016-11,ROUGEOLE,0,1,,,
KATANGA,TSHAMILEMBA,_NA,2016-12,ROUGEOLE,0,1,,,
KATANGA,TSHAMILEMBA,_NA,2016-13,ROUGEOLE,0,1,,,
KATANGA,TSHAMILEMBA,_NA,2016-14,ROUGEOLE,0,1,,,
KATANGA,TSHAMILEMBA,_NA,2016-15,ROUGEOLE,0,1,,,
KATANGA,TSHAMILEMBA,_NA,2016-01,PALUDISME,743,1,,,
KATANGA,TSHAMILEMBA,_NA,2016-02,PALUDISME,778,1,,,
KATANGA,TSHAMILEMBA,_NA,2016-03,PALUDISME,920,1,,,
KATANGA,TSHAMILEMBA,_NA,2016-04,PALUDISME,825,1,,,
KATANGA,TSHAMILEMBA,_NA,2016-05,PALUDISME,875,1,,,
KATANGA,TSHAMILEMBA,_NA,2016-06,PALUDISME,898,1,,,
KATANGA,TSHAMILEMBA,_NA,2016-07,PALUDISME,1003,1,,,
KATANGA,TSHAMILEMBA,_NA,2016-08,PALUDISME,1214,1,,,
KATANGA,TSHAMILEMBA,_NA,2016-09,PALUDISME,794,1,,,
KATANGA,TSHAMILEMBA,_NA,2016-10,PALUDISME,732,1,,,
KATANGA,TSHAMILEMBA,_NA,2016-11,PALUDISME,775,1,,,
KATANGA,TSHAMILEMBA,_NA,2016-12,PALUDISME,868,1,,,
KATANGA,TSHAMILEMBA,_NA,2016-13,PALUDISME,934,1,,,
KATANGA,TSHAMILEMBA,_NA,2016-14,PALUDISME,883,1,,,
KATANGA,TSHAMILEMBA,_NA,2016-15,PALUDISME,836,1,,,
KATANGA,TSHAMILEMBA,_NA,2016-01,CHOLERA,0,1,,,
KATANGA,TSHAMILEMBA,_NA,2016-02,CHOLERA,0,1,,,
KATANGA,TSHAMILEMBA,_NA,2016-03,CHOLERA,0,1,,,
KATANGA,TSHAMILEMBA,_NA,2016-04,CHOLERA,0,1,,,
KATANGA,TSHAMILEMBA,_NA,2016-05,CHOLERA,0,1,,,
KATANGA,TSHAMILEMBA,_NA,2016-06,CHOLERA,0,1,,,
KATANGA,TSHAMILEMBA,_NA,2016-07,CHOLERA,0,1,,,
KATANGA,TSHAMILEMBA,_NA,2016-08,CHOLERA,1,1,,,
KATANGA,TSHAMILEMBA,_NA,2016-09,CHOLERA,0,1,,,
KATANGA,TSHAMILEMBA,_NA,2016-10,CHOLERA,0,1,,,
KATANGA,TSHAMILEMBA,_NA,2016-11,CHOLERA,0,1,,,
KATANGA,TSHAMILEMBA,_NA,2016-12,CHOLERA,0,1,,,
KATANGA,TSHAMILEMBA,_NA,2016-13,CHOLERA,3,1,,,
KATANGA,TSHAMILEMBA,_NA,2016-14,CHOLERA,0,1,,,
KATANGA,TSHAMILEMBA,_NA,2016-15,CHOLERA,3,1,,,
KATANGA,KAMPEMBA,_NA,2016-01,CHOLERA,0,1,,,
KATANGA,KAMPEMBA,_NA,2016-02,CHOLERA,6,1,,,
KATANGA,KAMPEMBA,_NA,2016-03,CHOLERA,5,1,,,
KATANGA,KAMPEMBA,_NA,2016-04,CHOLERA,8,1,,,
KATANGA,KAMPEMBA,_NA,2016-05,CHOLERA,8,1,,,
KATANGA,KAMPEMBA,_NA,2016-06,CHOLERA,3,1,,,
KATANGA,KAMPEMBA,_NA,2016-07,CHOLERA,5,1,,,
KATANGA,KAMPEMBA,_NA,2016-08,CHOLERA,3,1,,,
KATANGA,KAMPEMBA,_NA,2016-09,CHOLERA,5,1,,,
KATANGA,KAMPEMBA,_NA,2016-10,CHOLERA,13,1,,,
KATANGA,KAMPEMBA,_NA,2016-11,CHOLERA,24,1,,,
KATANGA,KAMPEMBA,_NA,2016-12,CHOLERA,34,1,,,
KATANGA,KAMPEMBA,_NA,2016-13,CHOLERA,58,1,,,
KATANGA,KAMPEMBA,_NA,2016-14,CHOLERA,54,1,,,
KATANGA,KAMPEMBA,_NA,2016-15,CHOLERA,29,1,,,
KATANGA,KAMPEMBA,_NA,2016-01,PALUDISME,1570,1,,,
KATANGA,KAMPEMBA,_NA,2016-02,PALUDISME,1546,1,,,
KATANGA,KAMPEMBA,_NA,2016-03,PALUDISME,1478,1,,,
KATANGA,KAMPEMBA,_NA,2016-04,PALUDISME,1574,1,,,
KATANGA,KAMPEMBA,_NA,2016-05,PALUDISME,1791,1,,,
KATANGA,KAMPEMBA,_NA,2016-06,PALUDISME,1474,1,,,
KATANGA,KAMPEMBA,_NA,2016-07,PALUDISME,1404,1,,,
KATANGA,KAMPEMBA,_NA,2016-08,PALUDISME,1636,1,,,
KATANGA,KAMPEMBA,_NA,2016-09,PALUDISME,1491,1,,,
KATANGA,KAMPEMBA,_NA,2016-10,PALUDISME,1164,1,,,
KATANGA,KAMPEMBA,_NA,2016-11,PALUDISME,1273,1,,,
KATANGA,KAMPEMBA,_NA,2016-12,PALUDISME,1543,1,,,
KATANGA,KAMPEMBA,_NA,2016-13,PALUDISME,1522,1,,,
KATANGA,KAMPEMBA,_NA,2016-14,PALUDISME,1453,1,,,
KATANGA,KAMPEMBA,_NA,2016-15,PALUDISME,1563,1,,,
KATANGA,KAMPEMBA,_NA,2016-01,ROUGEOLE,0,1,,,
KATANGA,KAMPEMBA,_NA,2016-02,ROUGEOLE,22,1,,,
KATANGA,KAMPEMBA,_NA,2016-03,ROUGEOLE,1,1,,,
KATANGA,KAMPEMBA,_NA,2016-04,ROUGEOLE,1,1,,,
KATANGA,KAMPEMBA,_NA,2016-05,ROUGEOLE,1,1,,,
KATANGA,KAMPEMBA,_NA,2016-06,ROUGEOLE,0,1,,,
KATANGA,KAMPEMBA,_NA,2016-07,ROUGEOLE,2,1,,,
KATANGA,KAMPEMBA,_NA,2016-08,ROUGEOLE,0,1,,,
KATANGA,KAMPEMBA,_NA,2016-09,ROUGEOLE,0,1,,,
KATANGA,KAMPEMBA,_NA,2016-10,ROUGEOLE,0,1,,,
KATANGA,KAMPEMBA,_NA,2016-11,ROUGEOLE,0,1,,,
KATANGA,KAMPEMBA,_NA,2016-12,ROUGEOLE,0,1,,,
KATANGA,KAMPEMBA,_NA,2016-13,ROUGEOLE,0,1,,,
KATANGA,KAMPEMBA,_NA,2016-14,ROUGEOLE,0,1,,,
KATANGA,KAMPEMBA,_NA,2016-15,ROUGEOLE,0,1,,,
KATANGA,KAMALONDO,_NA,2016-01,ROUGEOLE,5,1,,,
KATANGA,KAMALONDO,_NA,2016-02,ROUGEOLE,0,1,,,
KATANGA,KAMALONDO,_NA,2016-03,ROUGEOLE,0,1,,,
KATANGA,KAMALONDO,_NA,2016-04,ROUGEOLE,0,1,,,
KATANGA,KAMALONDO,_NA,2016-05,ROUGEOLE,0,1,,,
KATANGA,KAMALONDO,_NA,2016-06,ROUGEOLE,0,1,,,
KATANGA,KAMALONDO,_NA,2016-07,ROUGEOLE,0,1,,,
KATANGA,KAMALONDO,_NA,2016-08,ROUGEOLE,0,1,,,
KATANGA,KAMALONDO,_NA,2016-09,ROUGEOLE,0,1,,,
KATANGA,KAMALONDO,_NA,2016-10,ROUGEOLE,0,1,,,
KATANGA,KAMALONDO,_NA,2016-11,ROUGEOLE,0,1,,,
KATANGA,KAMALONDO,_NA,2016-12,ROUGEOLE,0,1,,,
KATANGA,KAMALONDO,_NA,2016-13,ROUGEOLE,0,1,,,
KATANGA,KAMALONDO,_NA,2016-14,ROUGEOLE,0,1,,,
KATANGA,KAMALONDO,_NA,2016-15,ROUGEOLE,0,1,,,
KATANGA,KAMALONDO,_NA,2016-01,CHOLERA,0,1,,,
KATANGA,KAMALONDO,_NA,2016-02,CHOLERA,0,1,,,
KATANGA,KAMALONDO,_NA,2016-03,CHOLERA,0,1,,,
KATANGA,KAMALONDO,_NA,2016-04,CHOLERA,1,1,,,
KATANGA,KAMALONDO,_NA,2016-05,CHOLERA,0,1,,,
KATANGA,KAMALONDO,_NA,2016-06,CHOLERA,0,1,,,
KATANGA,KAMALONDO,_NA,2016-07,CHOLERA,0,1,,,
KATANGA,KAMALONDO,_NA,2016-08,CHOLERA,0,1,,,
KATANGA,KAMALONDO,_NA,2016-09,CHOLERA,1,1,,,
KATANGA,KAMALONDO,_NA,2016-10,CHOLERA,0,1,,,
KATANGA,KAMALONDO,_NA,2016-11,CHOLERA,0,1,,,
KATANGA,KAMALONDO,_NA,2016-12,CHOLERA,0,1,,,
KATANGA,KAMALONDO,_NA,2016-13,CHOLERA,3,1,,,
KATANGA,KAMALONDO,_NA,2016-14,CHOLERA,1,1,,,
KATANGA,KAMALONDO,_NA,2016-15,CHOLERA,1,1,,,
KATANGA,KAMALONDO,_NA,2016-01,PALUDISME,154,1,,,
KATANGA,KAMALONDO,_NA,2016-02,PALUDISME,188,1,,,
KATANGA,KAMALONDO,_NA,2016-03,PALUDISME,176,1,,,
KATANGA,KAMALONDO,_NA,2016-04,PALUDISME,109,1,,,
KATANGA,KAMALONDO,_NA,2016-05,PALUDISME,163,1,,,
KATANGA,KAMALONDO,_NA,2016-06,PALUDISME,191,1,,,
KATANGA,KAMALONDO,_NA,2016-07,PALUDISME,211,1,,,
KATANGA,KAMALONDO,_NA,2016-08,PALUDISME,172,1,,,
KATANGA,KAMALONDO,_NA,2016-09,PALUDISME,221,1,,,
KATANGA,KAMALONDO,_NA,2016-10,PALUDISME,171,1,,,
KATANGA,KAMALONDO,_NA,2016-11,PALUDISME,173,1,,,
KATANGA,KAMALONDO,_NA,2016-12,PALUDISME,176,1,,,
KATANGA,KAMALONDO,_NA,2016-13,PALUDISME,187,1,,,
KATANGA,KAMALONDO,_NA,2016-14,PALUDISME,143,1,,,
KATANGA,KAMALONDO,_NA,2016-15,PALUDISME,198,1,,,
KATANGA,KAFUBU,_NA,2016-01,PALUDISME,331,1,,,
KATANGA,KAFUBU,_NA,2016-02,PALUDISME,364,1,,,
KATANGA,KAFUBU,_NA,2016-03,PALUDISME,342,1,,,
KATANGA,KAFUBU,_NA,2016-04,PALUDISME,304,1,,,
KATANGA,KAFUBU,_NA,2016-05,PALUDISME,303,1,,,
KATANGA,KAFUBU,_NA,2016-06,PALUDISME,153,1,,,
KATANGA,KAFUBU,_NA,2016-07,PALUDISME,280,1,,,
KATANGA,KAFUBU,_NA,2016-08,PALUDISME,240,1,,,
KATANGA,KAFUBU,_NA,2016-09,PALUDISME,256,1,,,
KATANGA,KAFUBU,_NA,2016-10,PALUDISME,215,1,,,
KATANGA,KAFUBU,_NA,2016-11,PALUDISME,187,1,,,
KATANGA,KAFUBU,_NA,2016-12,PALUDISME,280,1,,,
KATANGA,KAFUBU,_NA,2016-13,PALUDISME,89,1,,,
KATANGA,KAFUBU,_NA,2016-14,PALUDISME,101,1,,,
KATANGA,KAFUBU,_NA,2016-15,PALUDISME,152,1,,,
KATANGA,KAFUBU,_NA,2016-01,CHOLERA,0,1,,,
KATANGA,KAFUBU,_NA,2016-02,CHOLERA,0,1,,,
KATANGA,KAFUBU,_NA,2016-03,CHOLERA,0,1,,,
KATANGA,KAFUBU,_NA,2016-04,CHOLERA,0,1,,,
KATANGA,KAFUBU,_NA,2016-05,CHOLERA,0,1,,,
KATANGA,KAFUBU,_NA,2016-06,CHOLERA,0,1,,,
KATANGA,KAFUBU,_NA,2016-07,CHOLERA,0,1,,,
KATANGA,KAFUBU,_NA,2016-08,CHOLERA,1,1,,,
KATANGA,KAFUBU,_NA,2016-09,CHOLERA,0,1,,,
KATANGA,KAFUBU,_NA,2016-10,CHOLERA,0,1,,,
KATANGA,KAFUBU,_NA,2016-11,CHOLERA,0,1,,,
KATANGA,KAFUBU,_NA,2016-12,CHOLERA,0,1,,,
KATANGA,KAFUBU,_NA,2016-13,CHOLERA,0,1,,,
KATANGA,KAFUBU,_NA,2016-14,CHOLERA,0,1,,,
KATANGA,KAFUBU,_NA,2016-15,CHOLERA,0,1,,,
KATANGA,KAFUBU,_NA,2016-01,ROUGEOLE,0,1,,,
KATANGA,KAFUBU,_NA,2016-02,ROUGEOLE,0,1,,,
KATANGA,KAFUBU,_NA,2016-03,ROUGEOLE,0,1,,,
KATANGA,KAFUBU,_NA,2016-04,ROUGEOLE,0,1,,,
KATANGA,KAFUBU,_NA,2016-05,ROUGEOLE,0,1,,,
KATANGA,KAFUBU,_NA,2016-06,ROUGEOLE,0,1,,,
KATANGA,KAFUBU,_NA,2016-07,ROUGEOLE,0,1,,,
KATANGA,KAFUBU,_NA,2016-08,ROUGEOLE,0,1,,,
KATANGA,KAFUBU,_NA,2016-09,ROUGEOLE,0,1,,,
KATANGA,KAFUBU,_NA,2016-10,ROUGEOLE,0,1,,,
KATANGA,KAFUBU,_NA,2016-11,ROUGEOLE,0,1,,,
KATANGA,KAFUBU,_NA,2016-12,ROUGEOLE,0,1,,,
KATANGA,KAFUBU,_NA,2016-13,ROUGEOLE,0,1,,,
KATANGA,KAFUBU,_NA,2016-14,ROUGEOLE,0,1,,,
KATANGA,KAFUBU,_NA,2016-15,ROUGEOLE,0,1,,,
KATANGA,KATUBA,_NA,2016-01,CHOLERA,3,1,,,
KATANGA,KATUBA,_NA,2016-02,CHOLERA,2,1,,,
KATANGA,KATUBA,_NA,2016-03,CHOLERA,4,1,,,
KATANGA,KATUBA,_NA,2016-04,CHOLERA,3,1,,,
KATANGA,KATUBA,_NA,2016-05,CHOLERA,5,1,,,
KATANGA,KATUBA,_NA,2016-06,CHOLERA,3,1,,,
KATANGA,KATUBA,_NA,2016-07,CHOLERA,2,1,,,
KATANGA,KATUBA,_NA,2016-08,CHOLERA,0,1,,,
KATANGA,KATUBA,_NA,2016-09,CHOLERA,0,1,,,
KATANGA,KATUBA,_NA,2016-10,CHOLERA,1,1,,,
KATANGA,KATUBA,_NA,2016-11,CHOLERA,2,1,,,
KATANGA,KATUBA,_NA,2016-12,CHOLERA,3,1,,,
KATANGA,KATUBA,_NA,2016-13,CHOLERA,1,1,,,
KATANGA,KATUBA,_NA,2016-14,CHOLERA,2,1,,,
KATANGA,KATUBA,_NA,2016-15,CHOLERA,0,1,,,
KATANGA,KATUBA,_NA,2016-01,PALUDISME,341,1,,,
KATANGA,KATUBA,_NA,2016-02,PALUDISME,440,1,,,
KATANGA,KATUBA,_NA,2016-03,PALUDISME,301,1,,,
KATANGA,KATUBA,_NA,2016-04,PALUDISME,321,1,,,
KATANGA,KATUBA,_NA,2016-05,PALUDISME,365,1,,,
KATANGA,KATUBA,_NA,2016-06,PALUDISME,285,1,,,
KATANGA,KATUBA,_NA,2016-07,PALUDISME,434,1,,,
KATANGA,KATUBA,_NA,2016-08,PALUDISME,336,1,,,
KATANGA,KATUBA,_NA,2016-09,PALUDISME,254,1,,,
KATANGA,KATUBA,_NA,2016-10,PALUDISME,339,1,,,
KATANGA,KATUBA,_NA,2016-11,PALUDISME,400,1,,,
KATANGA,KATUBA,_NA,2016-12,PALUDISME,398,1,,,
KATANGA,KATUBA,_NA,2016-13,PALUDISME,343,1,,,
KATANGA,KATUBA,_NA,2016-14,PALUDISME,293,1,,,
KATANGA,KATUBA,_NA,2016-15,PALUDISME,0,1,,,
KATANGA,KATUBA,_NA,2016-01,ROUGEOLE,0,1,,,
KATANGA,KATUBA,_NA,2016-02,ROUGEOLE,0,1,,,
KATANGA,KATUBA,_NA,2016-03,ROUGEOLE,0,1,,,
KATANGA,KATUBA,_NA,2016-04,ROUGEOLE,0,1,,,
KATANGA,KATUBA,_NA,2016-05,ROUGEOLE,0,1,,,
KATANGA,KATUBA,_NA,2016-06,ROUGEOLE,0,1,,,
KATANGA,KATUBA,_NA,2016-07,ROUGEOLE,0,1,,,
KATANGA,KATUBA,_NA,2016-08,ROUGEOLE,0,1,,,
KATANGA,KATUBA,_NA,2016-09,ROUGEOLE,0,1,,,
KATANGA,KATUBA,_NA,2016-10,ROUGEOLE,0,1,,,
KATANGA,KATUBA,_NA,2016-11,ROUGEOLE,0,1,,,
KATANGA,KATUBA,_NA,2016-12,ROUGEOLE,0,1,,,
KATANGA,KATUBA,_NA,2016-13,ROUGEOLE,0,1,,,
KATANGA,KATUBA,_NA,2016-14,ROUGEOLE,0,1,,,
KATANGA,KATUBA,_NA,2016-15,ROUGEOLE,0,1,,,
KATANGA,KENYA,_NA,2016-01,CHOLERA,2,1,,,
KATANGA,KENYA,_NA,2016-02,CHOLERA,1,1,,,
KATANGA,KENYA,_NA,2016-03,CHOLERA,4,1,,,
KATANGA,KENYA,_NA,2016-04,CHOLERA,3,1,,,
KATANGA,KENYA,_NA,2016-05,CHOLERA,2,1,,,
KATANGA,KENYA,_NA,2016-06,CHOLERA,2,1,,,
KATANGA,KENYA,_NA,2016-07,CHOLERA,2,1,,,
KATANGA,KENYA,_NA,2016-08,CHOLERA,4,1,,,
KATANGA,KENYA,_NA,2016-09,CHOLERA,3,1,,,
KATANGA,KENYA,_NA,2016-10,CHOLERA,4,1,,,
KATANGA,KENYA,_NA,2016-11,CHOLERA,0,1,,,
KATANGA,KENYA,_NA,2016-12,CHOLERA,0,1,,,
KATANGA,KENYA,_NA,2016-13,CHOLERA,3,1,,,
KATANGA,KENYA,_NA,2016-14,CHOLERA,2,1,,,
KATANGA,KENYA,_NA,2016-15,CHOLERA,7,1,,,
KATANGA,KENYA,_NA,2016-01,PALUDISME,942,1,,,
KATANGA,KENYA,_NA,2016-02,PALUDISME,952,1,,,
KATANGA,KENYA,_NA,2016-03,PALUDISME,895,1,,,
KATANGA,KENYA,_NA,2016-04,PALUDISME,956,1,,,
KATANGA,KENYA,_NA,2016-05,PALUDISME,877,1,,,
KATANGA,KENYA,_NA,2016-06,PALUDISME,906,1,,,
KATANGA,KENYA,_NA,2016-07,PALUDISME,834,1,,,
KATANGA,KENYA,_NA,2016-08,PALUDISME,843,1,,,
KATANGA,KENYA,_NA,2016-09,PALUDISME,799,1,,,
KATANGA,KENYA,_NA,2016-10,PALUDISME,891,1,,,
KATANGA,KENYA,_NA,2016-11,PALUDISME,1147,1,,,
KATANGA,KENYA,_NA,2016-12,PALUDISME,856,1,,,
KATANGA,KENYA,_NA,2016-13,PALUDISME,824,1,,,
KATANGA,KENYA,_NA,2016-14,PALUDISME,831,1,,,
KATANGA,KENYA,_NA,2016-15,PALUDISME,762,1,,,
KATANGA,KENYA,_NA,2016-01,ROUGEOLE,1,1,,,
KATANGA,KENYA,_NA,2016-02,ROUGEOLE,1,1,,,
KATANGA,KENYA,_NA,2016-03,ROUGEOLE,0,1,,,
KATANGA,KENYA,_NA,2016-04,ROUGEOLE,0,1,,,
KATANGA,KENYA,_NA,2016-05,ROUGEOLE,0,1,,,
KATANGA,KENYA,_NA,2016-06,ROUGEOLE,0,1,,,
KATANGA,KENYA,_NA,2016-07,ROUGEOLE,0,1,,,
KATANGA,KENYA,_NA,2016-08,ROUGEOLE,0,1,,,
KATANGA,KENYA,_NA,2016-09,ROUGEOLE,0,1,,,
KATANGA,KENYA,_NA,2016-10,ROUGEOLE,0,1,,,
KATANGA,KENYA,_NA,2016-11,ROUGEOLE,2,1,,,
KATANGA,KENYA,_NA,2016-12,ROUGEOLE,1,1,,,
KATANGA,KENYA,_NA,2016-13,ROUGEOLE,0,1,,,
KATANGA,KENYA,_NA,2016-14,ROUGEOLE,1,1,,,
KATANGA,KENYA,_NA,2016-15,ROUGEOLE,0,1,,,
KATANGA,FUNGURUME,_NA,2016-17,PALUDISME,898,1,,,
KATANGA,LUALABA,_NA,2016-17,PALUDISME,291,1,,,
KATANGA,LUBUDI,_NA,2016-17,PALUDISME,210,1,,,
KATANGA,KASAJI,_NA,2016-17,PALUDISME,642,1,,,
KATANGA,DILOLO,_NA,2016-17,PALUDISME,195,1,,,
KATANGA,DILALA,_NA,2016-17,PALUDISME,696,1,,,
KATANGA,KAPANGA,_NA,2016-17,PALUDISME,224,1,,,
KATANGA,KANZENZE,_NA,2016-17,PALUDISME,340,1,,,
KATANGA,BUNKEYA,_NA,2016-17,PALUDISME,244,1,,,
KATANGA,MUTSHATSHA,_NA,2016-17,PALUDISME,147,1,,,
KATANGA,KAFAKUMBA,_NA,2016-17,PALUDISME,82,1,,,
KATANGA,KALAMBA,_NA,2016-17,PALUDISME,116,1,,,
KATANGA,SANDOA,_NA,2016-17,PALUDISME,274,1,,,
KATANGA,MANIKA,_NA,2016-17,PALUDISME,960,1,,,
KATANGA,KASAJI,_NA,2016-16,PALUDISME,639,1,,,
KATANGA,DILOLO,_NA,2016-16,PALUDISME,150,1,,,
KATANGA,LUBUDI,_NA,2016-16,PALUDISME,281,1,,,
KATANGA,KAFAKUMBA,_NA,2016-16,PALUDISME,176,1,,,
KATANGA,KANZENZE,_NA,2016-16,PALUDISME,303,1,,,
KATANGA,MUTSHATSHA,_NA,2016-16,PALUDISME,148,1,,,
KATANGA,KALAMBA,_NA,2016-16,PALUDISME,113,1,,,
KATANGA,DILALA,_NA,2016-16,PALUDISME,843,1,,,
KATANGA,KAPANGA,_NA,2016-16,PALUDISME,227,1,,,
KATANGA,BUNKEYA,_NA,2016-16,PALUDISME,225,1,,,
KATANGA,SANDOA,_NA,2016-16,PALUDISME,350,1,,,
KATANGA,FUNGURUME,_NA,2016-16,PALUDISME,1234,1,,,
KATANGA,LUALABA,_NA,2016-16,PALUDISME,261,1,,,
KATANGA,MANIKA,_NA,2016-16,PALUDISME,1281,1,,,
KATANGA,KASAJI,_NA,2016-15,PALUDISME,568,1,,,
KATANGA,BUNKEYA,_NA,2016-15,PALUDISME,215,1,,,
KATANGA,KAFAKUMBA,_NA,2016-15,PALUDISME,180,1,,,
KATANGA,DILALA,_NA,2016-15,PALUDISME,1742,1,,,
KATANGA,KANZENZE,_NA,2016-15,PALUDISME,482,1,,,
KATANGA,MUTSHATSHA,_NA,2016-15,PALUDISME,135,1,,,
KATANGA,DILOLO,_NA,2016-15,PALUDISME,173,1,,,
KATANGA,FUNGURUME,_NA,2016-15,PALUDISME,750,1,,,
KATANGA,KAPANGA,_NA,2016-15,PALUDISME,193,1,,,
KATANGA,LUALABA,_NA,2016-15,PALUDISME,224,1,,,
KATANGA,LUBUDI,_NA,2016-15,PALUDISME,257,1,,,
KATANGA,KALAMBA,_NA,2016-15,PALUDISME,123,1,,,
KATANGA,MANIKA,_NA,2016-15,PALUDISME,1518,1,,,
KATANGA,SANDOA,_NA,2016-15,PALUDISME,321,1,,,
KATANGA,LUALABA,_NA,2016-14,PALUDISME,305,1,,,
KATANGA,KASAJI,_NA,2016-14,PALUDISME,678,1,,,
KATANGA,LUBUDI,_NA,2016-14,PALUDISME,325,1,,,
KATANGA,FUNGURUME,_NA,2016-14,PALUDISME,1247,1,,,
KATANGA,MUTSHATSHA,_NA,2016-14,PALUDISME,157,1,,,
KATANGA,KANZENZE,_NA,2016-14,PALUDISME,396,1,,,
KATANGA,DILALA,_NA,2016-14,PALUDISME,1328,1,,,
KATANGA,DILOLO,_NA,2016-14,PALUDISME,110,1,,,
KATANGA,KAPANGA,_NA,2016-14,PALUDISME,133,1,,,
KATANGA,KALAMBA,_NA,2016-14,PALUDISME,84,1,,,
KATANGA,MANIKA,_NA,2016-14,PALUDISME,1271,1,,,
KATANGA,BUNKEYA,_NA,2016-14,PALUDISME,293,1,,,
KATANGA,SANDOA,_NA,2016-14,PALUDISME,304,1,,,
KATANGA,KAFAKUMBA,_NA,2016-14,PALUDISME,142,1,,,
KATANGA,FUNGURUME,_NA,2016-14,ROUGEOLE,1,1,,,
KATANGA,KAPANGA,_NA,2016-14,ROUGEOLE,1,1,,,
KATANGA,KALAMBA,_NA,2016-14,ROUGEOLE,1,1,,,
KATANGA,KALAMBA,_NA,2016-15,ROUGEOLE,1,1,,,
KATANGA,KALAMBA,_NA,2016-16,ROUGEOLE,2,1,,,
KATANGA,BUNKEYA,_NA,2016-16,ROUGEOLE,1,1,,,
KATANGA,FUNGURUME,_NA,2016-17,ROUGEOLE,3,1,,,
KATANGA,KAPANGA,_NA,2016-17,ROUGEOLE,1,1,,,
KATANGA,BUNKEYA,_NA,2016-17,ROUGEOLE,1,1,,,
KATANGA,KALAMBA,_NA,2016-17,ROUGEOLE,2,1,,,
KATANGA,LUBUDI,_NA,2016-01,PALUDISME,157,1,,,
KATANGA,KASAJI,_NA,2016-01,PALUDISME,749,1,,,
KATANGA,DILALA,_NA,2016-01,PALUDISME,617,1,,,
KATANGA,KAFAKUMBA,_NA,2016-01,PALUDISME,222,1,,,
KATANGA,KALAMBA,_NA,2016-01,PALUDISME,122,1,,,
KATANGA,LUALABA,_NA,2016-01,PALUDISME,383,1,,,
KATANGA,KANZENZE,_NA,2016-01,PALUDISME,305,1,,,
KATANGA,MUTSHATSHA,_NA,2016-01,PALUDISME,107,1,,,
KATANGA,DILOLO,_NA,2016-01,PALUDISME,148,1,,,
KATANGA,BUNKEYA,_NA,2016-01,PALUDISME,249,1,,,
KATANGA,SANDOA,_NA,2016-01,PALUDISME,289,1,,,
KATANGA,KAPANGA,_NA,2016-01,PALUDISME,266,1,,,
KATANGA,FUNGURUME,_NA,2016-01,PALUDISME,1369,1,,,
KATANGA,MANIKA,_NA,2016-01,PALUDISME,645,1,,,
KATANGA,LUBUDI,_NA,2016-02,PALUDISME,173,1,,,
KATANGA,MANIKA,_NA,2016-02,PALUDISME,813,1,,,
KATANGA,FUNGURUME,_NA,2016-02,PALUDISME,1053,1,,,
KATANGA,DILALA,_NA,2016-02,PALUDISME,674,1,,,
KATANGA,LUALABA,_NA,2016-02,PALUDISME,337,1,,,
KATANGA,KAPANGA,_NA,2016-02,PALUDISME,150,1,,,
KATANGA,KANZENZE,_NA,2016-02,PALUDISME,317,1,,,
KATANGA,BUNKEYA,_NA,2016-02,PALUDISME,292,1,,,
KATANGA,KASAJI,_NA,2016-02,PALUDISME,860,1,,,
KATANGA,KALAMBA,_NA,2016-02,PALUDISME,218,1,,,
KATANGA,DILOLO,_NA,2016-02,PALUDISME,179,1,,,
KATANGA,MUTSHATSHA,_NA,2016-02,PALUDISME,233,1,,,
KATANGA,KAFAKUMBA,_NA,2016-02,PALUDISME,112,1,,,
KATANGA,SANDOA,_NA,2016-02,PALUDISME,247,1,,,
KATANGA,KAPANGA,_NA,2016-02,ROUGEOLE,2,1,,,
KATANGA,DILOLO,_NA,2016-02,ROUGEOLE,1,1,,,
KATANGA,KALAMBA,_NA,2016-01,ROUGEOLE,5,1,,,
KATANGA,KAPANGA,_NA,2016-01,ROUGEOLE,2,1,,,
KATANGA,FUNGURUME,_NA,2016-01,ROUGEOLE,1,1,,,
KATANGA,LUBUDI,_NA,2016-01,CHOLERA,3,1,,,
KATANGA,LUBUDI,_NA,2016-03,CHOLERA,3,1,,,
KATANGA,LUBUDI,_NA,2016-05,CHOLERA,5,1,,,
KATANGA,FUNGURUME,_NA,2016-07,CHOLERA,1,1,,,
KATANGA,LUBUDI,_NA,2016-07,CHOLERA,2,1,,,
KATANGA,LUBUDI,_NA,2016-03,PALUDISME,172,1,,,
KATANGA,KAFAKUMBA,_NA,2016-03,PALUDISME,115,1,,,
KATANGA,DILOLO,_NA,2016-03,PALUDISME,262,1,,,
KATANGA,MANIKA,_NA,2016-03,PALUDISME,821,1,,,
KATANGA,MUTSHATSHA,_NA,2016-03,PALUDISME,60,1,,,
KATANGA,KANZENZE,_NA,2016-03,PALUDISME,376,1,,,
KATANGA,LUALABA,_NA,2016-03,PALUDISME,277,1,,,
KATANGA,KASAJI,_NA,2016-03,PALUDISME,949,1,,,
KATANGA,KAPANGA,_NA,2016-03,PALUDISME,276,1,,,
KATANGA,BUNKEYA,_NA,2016-03,PALUDISME,234,1,,,
KATANGA,DILALA,_NA,2016-03,PALUDISME,527,1,,,
KATANGA,KALAMBA,_NA,2016-03,PALUDISME,236,1,,,
KATANGA,FUNGURUME,_NA,2016-03,PALUDISME,1047,1,,,
KATANGA,SANDOA,_NA,2016-03,PALUDISME,477,1,,,
KATANGA,LUBUDI,_NA,2016-04,PALUDISME,235,1,,,
KATANGA,LUALABA,_NA,2016-04,PALUDISME,266,1,,,
KATANGA,KANZENZE,_NA,2016-04,PALUDISME,398,1,,,
KATANGA,FUNGURUME,_NA,2016-04,PALUDISME,1037,1,,,
KATANGA,DILOLO,_NA,2016-04,PALUDISME,269,1,,,
KATANGA,BUNKEYA,_NA,2016-04,PALUDISME,279,1,,,
KATANGA,KASAJI,_NA,2016-04,PALUDISME,657,1,,,
KATANGA,DILALA,_NA,2016-04,PALUDISME,964,1,,,
KATANGA,SANDOA,_NA,2016-04,PALUDISME,300,1,,,
KATANGA,ANKORO,_NA,2016-15,PALUDISME,233,1,,,
KATANGA,KABALO,_NA,2016-15,PALUDISME,1185,1,,,
KATANGA,KALEMIE,_NA,2016-15,PALUDISME,592,1,,,
KATANGA,KANSIMBA,_NA,2016-15,PALUDISME,475,1,,,
KATANGA,KIYAMBI,_NA,2016-15,PALUDISME,534,1,,,
KATANGA,KONGOLO,_NA,2016-15,PALUDISME,1127,1,,,
KATANGA,MANONO,_NA,2016-15,PALUDISME,1368,1,,,
KATANGA,MBULALA,_NA,2016-15,PALUDISME,642,1,,,
KATANGA,MOBA,_NA,2016-15,PALUDISME,892,1,,,
KATANGA,NYEMBA,_NA,2016-15,PALUDISME,622,1,,,
KATANGA,NYUNZU,_NA,2016-15,PALUDISME,680,1,,,
KATANGA,KALEMIE,_NA,2016-15,CHOLERA,2,1,,,
KATANGA,MOBA,_NA,2016-15,CHOLERA,20,1,,,
KATANGA,NYEMBA,_NA,2016-15,CHOLERA,2,1,,,
KATANGA,ANKORO,_NA,2016-15,ROUGEOLE,5,1,,,
KATANGA,KABALO,_NA,2016-15,ROUGEOLE,5,1,,,
KATANGA,KALEMIE,_NA,2016-15,ROUGEOLE,4,1,,,
KATANGA,KIYAMBI,_NA,2016-15,ROUGEOLE,8,1,,,
KATANGA,KONGOLO,_NA,2016-15,ROUGEOLE,13,1,,,
KATANGA,MANONO,_NA,2016-15,ROUGEOLE,9,1,,,
KATANGA,MBULALA,_NA,2016-15,ROUGEOLE,1,1,,,
KATANGA,MOBA,_NA,2016-15,ROUGEOLE,2,1,,,
KATANGA,NYEMBA,_NA,2016-15,ROUGEOLE,3,1,,,
KATANGA,NYUNZU,_NA,2016-15,ROUGEOLE,12,1,,,
KATANGA,ANKORO,_NA,2016-14,ROUGEOLE,13,1,,,
KATANGA,KALEMIE,_NA,2016-14,ROUGEOLE,3,1,,,
KATANGA,KIYAMBI,_NA,2016-14,ROUGEOLE,2,1,,,
KATANGA,KONGOLO,_NA,2016-14,ROUGEOLE,2,1,,,
KATANGA,MANONO,_NA,2016-14,ROUGEOLE,2,1,,,
KATANGA,KALEMIE,_NA,2016-14,CHOLERA,2,1,,,
KATANGA,MOBA,_NA,2016-14,CHOLERA,2,1,,,
KATANGA,NYEMBA,_NA,2016-14,CHOLERA,1,1,,,
KATANGA,ANKORO,_NA,2016-14,PALUDISME,299,1,,,
KATANGA,KABALO,_NA,2016-14,PALUDISME,1326,1,,,
KATANGA,KALEMIE,_NA,2016-14,PALUDISME,508,1,,,
KATANGA,KANSIMBA,_NA,2016-14,PALUDISME,348,1,,,
KATANGA,KIYAMBI,_NA,2016-14,PALUDISME,904,1,,,
KATANGA,KONGOLO,_NA,2016-14,PALUDISME,1494,1,,,
KATANGA,MANONO,_NA,2016-14,PALUDISME,1348,1,,,
KATANGA,MBULALA,_NA,2016-14,PALUDISME,566,1,,,
KATANGA,MOBA,_NA,2016-14,PALUDISME,823,1,,,
KATANGA,NYEMBA,_NA,2016-14,PALUDISME,463,1,,,
KATANGA,NYUNZU,_NA,2016-14,PALUDISME,498,1,,,
KATANGA,ANKORO,_NA,2016-13,PALUDISME,843,1,,,
KATANGA,KABALO,_NA,2016-13,PALUDISME,324,1,,,
KATANGA,KALEMIE,_NA,2016-13,PALUDISME,607,1,,,
KATANGA,KANSIMBA,_NA,2016-13,PALUDISME,697,1,,,
KATANGA,KIYAMBI,_NA,2016-13,PALUDISME,545,1,,,
KATANGA,KONGOLO,_NA,2016-13,PALUDISME,1433,1,,,
KATANGA,MANONO,_NA,2016-13,PALUDISME,1262,1,,,
KATANGA,MBULALA,_NA,2016-13,PALUDISME,504,1,,,
KATANGA,MOBA,_NA,2016-13,PALUDISME,605,1,,,
KATANGA,NYEMBA,_NA,2016-13,PALUDISME,596,1,,,
KATANGA,NYUNZU,_NA,2016-13,PALUDISME,575,1,,,
KATANGA,KALEMIE,_NA,2016-13,ROUGEOLE,4,1,,,
KATANGA,KIYAMBI,_NA,2016-13,ROUGEOLE,1,1,,,
KATANGA,KONGOLO,_NA,2016-13,ROUGEOLE,4,1,,,
KATANGA,MANONO,_NA,2016-13,ROUGEOLE,1,1,,,
KATANGA,NYEMBA,_NA,2016-13,ROUGEOLE,1,1,,,
KATANGA,NYUNZU,_NA,2016-13,ROUGEOLE,8,1,,,
KATANGA,KALEMIE,_NA,2016-13,CHOLERA,3,1,,,
KATANGA,MOBA,_NA,2016-13,CHOLERA,16,1,,,
KATANGA,NYEMBA,_NA,2016-13,CHOLERA,2,1,,,
KATANGA,KALEMIE,_NA,2016-12,CHOLERA,5,1,,,
KATANGA,MOBA,_NA,2016-12,CHOLERA,15,1,,,
KATANGA,NYEMBA,_NA,2016-12,CHOLERA,5,1,,,
KATANGA,KABALO,_NA,2016-11,CHOLERA,2,1,,,
KATANGA,KALEMIE,_NA,2016-11,CHOLERA,8,1,,,
KATANGA,KANSIMBA,_NA,2016-11,CHOLERA,1,1,,,
KATANGA,MOBA,_NA,2016-11,CHOLERA,44,1,,,
KATANGA,KALEMIE,_NA,2016-10,CHOLERA,4,1,,,
KATANGA,MOBA,_NA,2016-10,CHOLERA,12,1,,,
KATANGA,NYEMBA,_NA,2016-10,CHOLERA,1,1,,,
KATANGA,KALEMIE,_NA,2016-10,ROUGEOLE,2,1,,,
KATANGA,KIYAMBI,_NA,2016-10,ROUGEOLE,2,1,,,
KATANGA,KONGOLO,_NA,2016-10,ROUGEOLE,1,1,,,
KATANGA,MANONO,_NA,2016-10,ROUGEOLE,13,1,,,
KATANGA,NYUNZU,_NA,2016-10,ROUGEOLE,2,1,,,
KATANGA,ANKORO,_NA,2016-10,PALUDISME,304,1,,,
KATANGA,KABALO,_NA,2016-10,PALUDISME,1170,1,,,
KATANGA,KALEMIE,_NA,2016-10,PALUDISME,598,1,,,
KATANGA,KANSIMBA,_NA,2016-10,PALUDISME,406,1,,,
KATANGA,KIYAMBI,_NA,2016-10,PALUDISME,569,1,,,
KATANGA,KONGOLO,_NA,2016-10,PALUDISME,1453,1,,,
KATANGA,MANONO,_NA,2016-10,PALUDISME,1885,1,,,
KATANGA,MBULALA,_NA,2016-10,PALUDISME,499,1,,,
KATANGA,MOBA,_NA,2016-10,PALUDISME,767,1,,,
KATANGA,NYEMBA,_NA,2016-10,PALUDISME,502,1,,,
KATANGA,NYUNZU,_NA,2016-10,PALUDISME,1069,1,,,
KATANGA,ANKORO,_NA,2016-11,PALUDISME,575,1,,,
KATANGA,KABALO,_NA,2016-11,PALUDISME,1472,1,,,
KATANGA,KALEMIE,_NA,2016-11,PALUDISME,669,1,,,
KATANGA,KANSIMBA,_NA,2016-11,PALUDISME,492,1,,,
KATANGA,KIYAMBI,_NA,2016-11,PALUDISME,1054,1,,,
KATANGA,KONGOLO,_NA,2016-11,PALUDISME,1119,1,,,
KATANGA,MANONO,_NA,2016-11,PALUDISME,1873,1,,,
KATANGA,MBULALA,_NA,2016-11,PALUDISME,612,1,,,
KATANGA,MOBA,_NA,2016-11,PALUDISME,1004,1,,,
KATANGA,NYEMBA,_NA,2016-11,PALUDISME,376,1,,,
KATANGA,NYUNZU,_NA,2016-11,PALUDISME,403,1,,,
KATANGA,ANKORO,_NA,2016-11,ROUGEOLE,1,1,,,
KATANGA,KABALO,_NA,2016-11,ROUGEOLE,2,1,,,
KATANGA,KALEMIE,_NA,2016-11,ROUGEOLE,4,1,,,
KATANGA,KIYAMBI,_NA,2016-11,ROUGEOLE,2,1,,,
KATANGA,KONGOLO,_NA,2016-11,ROUGEOLE,3,1,,,
KATANGA,MANONO,_NA,2016-11,ROUGEOLE,2,1,,,
KATANGA,ANKORO,_NA,2016-12,ROUGEOLE,2,1,,,
KATANGA,KALEMIE,_NA,2016-12,ROUGEOLE,9,1,,,
KATANGA,KIYAMBI,_NA,2016-12,ROUGEOLE,1,1,,,
KATANGA,KONGOLO,_NA,2016-12,ROUGEOLE,4,1,,,
KATANGA,MANONO,_NA,2016-12,ROUGEOLE,1,1,,,
KATANGA,MBULALA,_NA,2016-12,ROUGEOLE,1,1,,,
KATANGA,MOBA,_NA,2016-12,ROUGEOLE,3,1,,,
KATANGA,ANKORO,_NA,2016-12,PALUDISME,178,1,,,
KATANGA,KABALO,_NA,2016-12,PALUDISME,978,1,,,
KATANGA,KALEMIE,_NA,2016-12,PALUDISME,906,1,,,
KATANGA,KANSIMBA,_NA,2016-12,PALUDISME,259,1,,,
KATANGA,KIYAMBI,_NA,2016-12,PALUDISME,1433,1,,,
KATANGA,KONGOLO,_NA,2016-12,PALUDISME,920,1,,,
KATANGA,MANONO,_NA,2016-12,PALUDISME,545,1,,,
KATANGA,MBULALA,_NA,2016-12,PALUDISME,637,1,,,
KATANGA,MOBA,_NA,2016-12,PALUDISME,992,1,,,
KATANGA,NYEMBA,_NA,2016-12,PALUDISME,615,1,,,
KATANGA,NYUNZU,_NA,2016-12,PALUDISME,452,1,,,
KATANGA,ANKORO,_NA,2016-09,PALUDISME,494,1,,,
KATANGA,KABALO,_NA,2016-09,PALUDISME,1300,1,,,
KATANGA,KALEMIE,_NA,2016-09,PALUDISME,587,1,,,
KATANGA,KANSIMBA,_NA,2016-09,PALUDISME,514,1,,,
KATANGA,KIYAMBI,_NA,2016-09,PALUDISME,712,1,,,
KATANGA,KONGOLO,_NA,2016-09,PALUDISME,1415,1,,,
KATANGA,MANONO,_NA,2016-09,PALUDISME,1715,1,,,
KATANGA,MBULALA,_NA,2016-09,PALUDISME,557,1,,,
KATANGA,MOBA,_NA,2016-09,PALUDISME,655,1,,,
KATANGA,NYEMBA,_NA,2016-09,PALUDISME,551,1,,,
KATANGA,NYUNZU,_NA,2016-09,PALUDISME,886,1,,,
KATANGA,ANKORO,_NA,2016-09,ROUGEOLE,3,1,,,
KATANGA,KABALO,_NA,2016-09,ROUGEOLE,2,1,,,
KATANGA,KALEMIE,_NA,2016-09,ROUGEOLE,4,1,,,
KATANGA,KIYAMBI,_NA,2016-09,ROUGEOLE,12,1,,,
KATANGA,KONGOLO,_NA,2016-09,ROUGEOLE,1,1,,,
KATANGA,MBULALA,_NA,2016-09,ROUGEOLE,2,1,,,
KATANGA,NYUNZU,_NA,2016-09,ROUGEOLE,5,1,,,
KATANGA,KALEMIE,_NA,2016-09,CHOLERA,2,1,,,
KATANGA,MOBA,_NA,2016-09,CHOLERA,35,1,,,
KATANGA,NYEMBA,_NA,2016-09,CHOLERA,8,1,,,
KATANGA,RWASHI,_NA,2016-15,ROUGEOLE,5,1,,,
KATANGA,RWASHI,_NA,2016-15,CHOLERA,3,1,,,
KATANGA,MUMBUNDA,_NA,2016-15,ROUGEOLE,1,1,,,
KATANGA,MUFUNGA_SAMPWE,_NA,2016-15,ROUGEOLE,3,1,,,
KATANGA,MITWABA,_NA,2016-15,ROUGEOLE,1,1,,,
KATANGA,KISANGA,_NA,2016-15,CHOLERA,6,1,,,
KATANGA,KIKULA,_NA,2016-15,CHOLERA,10,1,,,
KATANGA,KOWE,_NA,2016-15,CHOLERA,1,1,,,
KATANGA,BAKA,_NA,2016-13,PALUDISME,346,1,,,
KATANGA,BUKAMA,_NA,2016-13,PALUDISME,1437,1,,,
KATANGA,BUTUMBA,_NA,2016-13,PALUDISME,175,1,,,
KATANGA,KABONDO_DIANDA,_NA,2016-13,PALUDISME,950,1,,,
KATANGA,KABONGO,_NA,2016-13,PALUDISME,481,1,,,
KATANGA,KAMINA,_NA,2016-13,PALUDISME,1509,1,,,
KATANGA,KANIAMA,_NA,2016-13,PALUDISME,489,1,,,
KATANGA,KAYAMBA,_NA,2016-13,PALUDISME,351,1,,,
KATANGA,KINKONDJA,_NA,2016-13,PALUDISME,1467,1,,,
KATANGA,KITENGE,_NA,2016-13,PALUDISME,483,1,,,
KATANGA,MALEMBA_NKULU,_NA,2016-13,PALUDISME,1357,1,,,
KATANGA,MUKANGA,_NA,2016-13,PALUDISME,376,1,,,
KATANGA,MULONGO,_NA,2016-13,PALUDISME,1263,1,,,
KATANGA,SONGA,_NA,2016-13,PALUDISME,455,1,,,
KATANGA,LWAMBA,_NA,2016-13,PALUDISME,615,1,,,
KATANGA,KAMINA,_NA,2016-13,ROUGEOLE,6,1,,,
KATANGA,KITENGE,_NA,2016-13,ROUGEOLE,1,1,,,
KATANGA,MALEMBA_NKULU,_NA,2016-13,ROUGEOLE,2,1,,,
KATANGA,BUKAMA,_NA,2016-13,CHOLERA,23,1,,,
KATANGA,BUTUMBA,_NA,2016-13,CHOLERA,8,1,,,
KATANGA,KABONDO_DIANDA,_NA,2016-13,CHOLERA,15,1,,,
KATANGA,KINKONDJA,_NA,2016-13,CHOLERA,53,1,,,
KATANGA,MALEMBA_NKULU,_NA,2016-13,CHOLERA,9,1,,,
KATANGA,MUKANGA,_NA,2016-13,CHOLERA,1,1,,,
KATANGA,ANKORO,_NA,2016-17,PALUDISME,292,1,,,
KATANGA,KABALO,_NA,2016-17,PALUDISME,1279,1,,,
KATANGA,KALEMIE,_NA,2016-17,PALUDISME,523,1,,,
KATANGA,KANSIMBA,_NA,2016-17,PALUDISME,344,1,,,
KATANGA,KIYAMBI,_NA,2016-17,PALUDISME,297,1,,,
KATANGA,KONGOLO,_NA,2016-17,PALUDISME,1262,1,,,
KATANGA,MANONO,_NA,2016-17,PALUDISME,1872,1,,,
KATANGA,MBULALA,_NA,2016-17,PALUDISME,788,1,,,
KATANGA,MOBA,_NA,2016-17,PALUDISME,687,1,,,
KATANGA,NYEMBA,_NA,2016-17,PALUDISME,421,1,,,
KATANGA,NYUNZU,_NA,2016-17,PALUDISME,461,1,,,
KATANGA,ANKORO,_NA,2016-17,ROUGEOLE,0,1,,,
KATANGA,KABALO,_NA,2016-17,ROUGEOLE,8,1,,,
KATANGA,KALEMIE,_NA,2016-17,ROUGEOLE,1,1,,,
KATANGA,KANSIMBA,_NA,2016-17,ROUGEOLE,0,1,,,
KATANGA,KIYAMBI,_NA,2016-17,ROUGEOLE,4,1,,,
KATANGA,KONGOLO,_NA,2016-17,ROUGEOLE,6,1,,,
KATANGA,MANONO,_NA,2016-17,ROUGEOLE,1,1,,,
KATANGA,MBULALA,_NA,2016-17,ROUGEOLE,2,1,,,
KATANGA,MOBA,_NA,2016-17,ROUGEOLE,0,1,,,
KATANGA,NYEMBA,_NA,2016-17,ROUGEOLE,1,1,,,
KATANGA,NYUNZU,_NA,2016-17,ROUGEOLE,4,1,,,
KATANGA,ANKORO,_NA,2016-17,CHOLERA,0,1,,,
KATANGA,KABALO,_NA,2016-17,CHOLERA,0,1,,,
KATANGA,KALEMIE,_NA,2016-17,CHOLERA,5,1,,,
KATANGA,KANSIMBA,_NA,2016-17,CHOLERA,0,1,,,
KATANGA,KIYAMBI,_NA,2016-17,CHOLERA,0,1,,,
KATANGA,KONGOLO,_NA,2016-17,CHOLERA,0,1,,,
KATANGA,MANONO,_NA,2016-17,CHOLERA,0,1,,,
KATANGA,MBULALA,_NA,2016-17,CHOLERA,0,1,,,
KATANGA,MOBA,_NA,2016-17,CHOLERA,7,1,,,
KATANGA,NYEMBA,_NA,2016-17,CHOLERA,2,1,,,
KATANGA,NYUNZU,_NA,2016-17,CHOLERA,0,1,,,
KATANGA,MALEMBA_NKULU,_NA,2016-17,ROUGEOLE,6,1,,,
KATANGA,BUKAMA,_NA,2016-17,ROUGEOLE,1,1,,,
KATANGA,KITENGE,_NA,2016-17,ROUGEOLE,1,1,,,
KATANGA,SONGA,_NA,2016-17,ROUGEOLE,2,1,,,
KATANGA,BAKA,_NA,2016-17,PALUDISME,333,1,,,
KATANGA,MALEMBA_NKULU,_NA,2016-17,PALUDISME,1201,1,,,
KATANGA,BUKAMA,_NA,2016-17,PALUDISME,1450,1,,,
KATANGA,BUTUMBA,_NA,2016-17,PALUDISME,247,1,,,
KATANGA,KABONGO,_NA,2016-17,PALUDISME,921,1,,,
KATANGA,KABONGO,_NA,2016-17,PALUDISME,489,1,,,
KATANGA,KAMINA,_NA,2016-17,PALUDISME,1309,1,,,
KATANGA,KANIAMA,_NA,2016-17,PALUDISME,993,1,,,
KATANGA,KAYAMBA,_NA,2016-17,PALUDISME,179,1,,,
KATANGA,KINDA,_NA,2016-17,PALUDISME,30,1,,,
KATANGA,KINKONDJA,_NA,2016-17,PALUDISME,2728,1,,,
KATANGA,KITENGE,_NA,2016-17,PALUDISME,462,1,,,
KATANGA,LWAMBA,_NA,2016-17,PALUDISME,490,1,,,
KATANGA,MUKANGA,_NA,2016-17,PALUDISME,587,1,,,
KATANGA,MULONGO,_NA,2016-17,PALUDISME,812,1,,,
KATANGA,MALEMBA_NKULU,_NA,2016-17,CHOLERA,2,1,,,
KATANGA,BUKAMA,_NA,2016-17,CHOLERA,4,1,,,
KATANGA,BUTUMBA,_NA,2016-17,CHOLERA,4,1,,,
KATANGA,KABONGO,_NA,2016-17,CHOLERA,17,1,,,
KATANGA,KINKONDJA,_NA,2016-17,CHOLERA,22,1,,,
KATANGA,MUKANGA,_NA,2016-17,CHOLERA,5,1,,,
KATANGA,LUBUMBASHI,_NA,2016-17,ROUGEOLE,3,1,,,
KATANGA,KENYA,_NA,2016-17,ROUGEOLE,2,1,,,
KATANGA,KAMALONDO,_NA,2016-17,CHOLERA,1,1,,,
KATANGA,KAMPEMBA,_NA,2016-17,CHOLERA,12,1,,,
KATANGA,KISANGA,_NA,2016-17,CHOLERA,2,1,,,
KATANGA,LUKAFU,_NA,2016-17,CHOLERA,8,1,,,
KATANGA,KAMBOVE,_NA,2016-17,CHOLERA,1,1,,,
KATANGA,MUMBUNDA,_NA,2016-17,CHOLERA,1,1,,,
KATANGA,KENYA,_NA,2016-17,CHOLERA,4,1,,,
KATANGA,TSHAMILEMBA,_NA,2016-17,CHOLERA,2,1,,,
KATANGA,KATUBA,_NA,2016-17,CHOLERA,2,1,,,
KATANGA,LUBUMBASHI,_NA,2016-17,CHOLERA,1,1,,,
KATANGA,RWASHI,_NA,2016-17,CHOLERA,1,1,,,
KATANGA,KIPUSHI,_NA,2016-17,CHOLERA,1,1,,,
KATANGA,LIKASI,_NA,2016-17,CHOLERA,3,1,,,
KATANGA,KIKULA,_NA,2016-17,CHOLERA,4,1,,,
KATANGA,KATUBA,_NA,2016-17,PALUDISME,245,1,,,
KATANGA,SAKANIA,_NA,2016-17,PALUDISME,894,1,,,
KATANGA,KAFUBU,_NA,2016-17,PALUDISME,240,1,,,
KATANGA,KAMALONDO,_NA,2016-17,PALUDISME,166,1,,,
KATANGA,KAMPEMBA,_NA,2016-17,PALUDISME,878,1,,,
KATANGA,KAPOLOWE,_NA,2016-17,PALUDISME,200,1,,,
KATANGA,KASENGA,_NA,2016-17,PALUDISME,372,1,,,
KATANGA,KASHOBWE,_NA,2016-17,PALUDISME,263,1,,,
KATANGA,KATUBA,_NA,2016-17,PALUDISME,245,1,,,
KATANGA,KILWA,_NA,2016-17,PALUDISME,1481,1,,,
KATANGA,KIPUSHI,_NA,2016-17,PALUDISME,733,1,,,
KATANGA,KISANGA,_NA,2016-17,PALUDISME,779,1,,,
KATANGA,KOWE,_NA,2016-17,PALUDISME,95,1,,,
KATANGA,LIKASI,_NA,2016-17,PALUDISME,594,1,,,
KATANGA,LUBUMBASHI,_NA,2016-17,PALUDISME,2667,1,,,
KATANGA,LUKAFU,_NA,2016-17,PALUDISME,450,1,,,
KATANGA,KENYA,_NA,2016-17,PALUDISME,634,1,,,
KATANGA,MITWABA,_NA,2016-17,PALUDISME,248,1,,,
KATANGA,PANDA,_NA,2016-17,PALUDISME,465,1,,,
KATANGA,PWETO,_NA,2016-17,PALUDISME,108,1,,,
KATANGA,PWETO,_NA,2016-17,PALUDISME,447,1,,,
KATANGA,KAMBOVE,_NA,2016-17,PALUDISME,408,1,,,
KATANGA,MUMBUNDA,_NA,2016-17,PALUDISME,415,1,,,
KATANGA,RWASHI,_NA,2016-17,PALUDISME,1696,1,,,
KATANGA,TSHAMILEMBA,_NA,2016-17,PALUDISME,762,1,,,
KATANGA,KILELA_BALANDA,_NA,2016-17,PALUDISME,39,1,,,
KATANGA,VANGU,_NA,2016-17,PALUDISME,238,1,,,
KATANGA,MUFUNGA_SAMPWE,_NA,2016-17,PALUDISME,166,1,,,
KATANGA,KIKULA,_NA,2016-17,PALUDISME,572,1,,,
KATANGA,FUNGURUME,_NA,2016-17,ROUGEOLE,3,1,,,
KATANGA,KAPANGA,_NA,2016-17,ROUGEOLE,1,1,,,
KATANGA,BUNKEYA,_NA,2016-17,ROUGEOLE,1,1,,,
KATANGA,KALAMBA,_NA,2016-17,ROUGEOLE,2,1,,,
